year,UF,Codmun6,code_city,life_exp,year_edu,population,hdi
1991,35,350010,3500105,68.87,10.25,31841,0.592
1991,35,350020,3500204,70.04,9.16,3272,0.513
1991,35,350030,3500303,68.14,9.89,23331,0.491
1991,35,350040,3500402,71.48,10.48,6619,0.576
1991,35,350050,3500501,70.33,10.06,10870,0.558
1991,35,350055,3500550,69.51,10.21,3781,0.559
1991,35,350060,3500600,72.08,10.26,1614,0.634
1991,35,350070,3500709,68.07,9.49,29893,0.513
1991,35,350075,3500758,66.29,8.47,3255,0.418
1991,35,350080,3500808,68.93,11.09,3481,0.55
1991,35,350090,3500907,67.02,9.44,3222,0.509
1991,35,350100,3501004,70.05,9.36,13507,0.483
1991,35,350110,3501103,68.19,10.83,4750,0.48
1991,35,350115,3501152,65.13,7.99,13701,0.515
1991,35,350120,3501202,67.21,10.83,5044,0.478
1991,35,350130,3501301,70.1,10.53,18782,0.538
1991,35,350140,3501400,66.38,8.98,3102,0.421
1991,35,350150,3501509,65.79,10.11,2532,0.461
1991,35,350160,3501608,71.09,10.24,152470,0.609
1991,35,350170,3501707,71.96,9.78,20067,0.527
1991,35,350180,3501806,67.27,10.85,5571,0.489
1991,35,350190,3501905,68.34,10,49999,0.578
1991,35,350200,3502002,69.94,9.78,2998,0.493
1991,35,350210,3502101,69.1,10.06,51718,0.56
1991,35,350220,3502200,66.43,8.34,17172,0.435
1991,35,350230,3502309,68.95,9.28,3439,0.477
1991,35,350240,3502408,69.38,9.06,3228,0.513
1991,35,350250,3502507,68.19,10.02,32378,0.569
1991,35,350260,3502606,68.52,9.54,5071,0.468
1991,35,350270,3502705,65.63,9.49,26520,0.442
1991,35,350275,3502754,65.46,7.68,9783,0.426
1991,35,350280,3502804,68.02,9.91,148206,0.59
1991,35,350290,3502903,68.31,8.99,14314,0.494
1991,35,350300,3503000,70.58,9.77,4061,0.515
1991,35,350310,3503109,64.48,9.2,5606,0.397
1991,35,350315,3503158,65.14,8.33,2640,0.373
1991,35,350320,3503208,70.12,9.88,157804,0.607
1991,35,350330,3503307,70.03,9.67,86476,0.573
1991,35,350335,3503356,66.67,7.94,2770,0.408
1991,35,350340,3503406,69,9.85,6841,0.478
1991,35,350350,3503505,63.9,8.38,3241,0.418
1991,35,350360,3503604,68.02,8.52,9935,0.433
1991,35,350370,3503703,67.27,10.22,5828,0.48
1991,35,350380,3503802,67.54,9.7,19136,0.519
1991,35,350390,3503901,70.23,8.96,36956,0.524
1991,35,350395,3503950,66.95,9.99,2122,0.434
1991,35,350400,3504008,69.52,10.29,74847,0.597
1991,35,350410,3504107,70.1,9.59,85110,0.545
1991,35,350420,3504206,67.67,10.63,12502,0.557
1991,35,350430,3504305,66.38,9.51,4589,0.421
1991,35,350440,3504404,68.93,9.4,7701,0.463
1991,35,350450,3504503,70.82,9.87,59286,0.541
1991,35,350460,3504602,67.21,9.99,5653,0.525
1991,35,350470,3504701,68.19,9.4,1221,0.536
1991,35,350480,3504800,70.92,10.11,7172,0.525
1991,35,350490,3504909,66.34,8.58,8551,0.456
1991,35,350500,3505005,65.02,10.71,2692,0.464
1991,35,350510,3505104,66.64,8.6,5333,0.43
1991,35,350520,3505203,70.57,10.02,24125,0.572
1991,35,350530,3505302,70.7,10.1,30543,0.603
1991,35,350535,3505351,63.9,8.26,4969,0.325
1991,35,350540,3505401,63.63,8.22,6688,0.318
1991,35,350550,3505500,70.23,9.73,94334,0.558
1991,35,350560,3505609,68.11,9.03,18673,0.409
1991,35,350570,3505708,69.79,9.11,131747,0.549
1991,35,350580,3505807,67.88,9.91,19098,0.516
1991,35,350590,3505906,68.95,8.99,43425,0.519
1991,35,350600,3506003,68.02,9.92,256612,0.607
1991,35,350610,3506102,70.11,10.06,67016,0.548
1991,35,350620,3506201,67.02,9.41,2397,0.54
1991,35,350630,3506300,66.36,9.81,9925,0.511
1991,35,350635,3506359,67.98,8.66,10839,0.51
1991,35,350640,3506409,70.12,11,5342,0.574
1991,35,350650,3506508,69.24,10.28,74403,0.569
1991,35,350660,3506607,65.2,9.56,17758,0.489
1991,35,350670,3506706,65.05,9.04,10435,0.415
1991,35,350680,3506805,69.84,9.82,7211,0.544
1991,35,350690,3506904,67.49,8.75,5666,0.429
1991,35,350700,3507001,68.05,10.08,22901,0.539
1991,35,350710,3507100,66.29,9.19,9796,0.445
1991,35,350715,3507159,63.9,8.03,2269,0.305
1991,35,350720,3507209,70.58,6.82,716,0.506
1991,35,350730,3507308,69.08,8.73,3443,0.47
1991,35,350740,3507407,66.25,9.73,12070,0.493
1991,35,350745,3507456,68.02,6.97,1411,0.482
1991,35,350750,3507506,68.87,9.78,90060,0.588
1991,35,350760,3507605,69.48,9.6,99008,0.553
1991,35,350770,3507704,68.28,10.51,4223,0.524
1991,35,350775,3507753,66.3,9.12,1958,0.437
1991,35,350780,3507803,69.91,9.69,13711,0.546
1991,35,350790,3507902,67.65,9.22,14329,0.491
1991,35,350800,3508009,63.54,9.35,14173,0.379
1991,35,350810,3508108,68.65,10.16,12673,0.531
1991,35,350820,3508207,68.15,11.17,3726,0.522
1991,35,350830,3508306,65.33,9.09,3792,0.448
1991,35,350840,3508405,67.49,8.58,18693,0.478
1991,35,350850,3508504,68.64,9.76,65439,0.542
1991,35,350860,3508603,70.33,9.44,23004,0.553
1991,35,350870,3508702,68.6,9.02,17137,0.456
1991,35,350880,3508801,69.75,10.23,15117,0.504
1991,35,350890,3508900,67.93,9.78,3854,0.48
1991,35,350900,3509007,68.02,9.71,39008,0.545
1991,35,350910,3509106,64.09,8.79,3341,0.435
1991,35,350920,3509205,67.74,8.54,35850,0.501
1991,35,350925,3509254,67.67,9.42,23402,0.434
1991,35,350930,3509304,67.27,9.81,8706,0.505
1991,35,350940,3509403,68.02,9.52,18285,0.514
1991,35,350945,3509452,66.23,8.84,4065,0.364
1991,35,350950,3509502,69.74,9.85,833132,0.618
1991,35,350960,3509601,67.21,9.08,45230,0.507
1991,35,350970,3509700,69.12,9.73,35849,0.507
1991,35,350980,3509809,67.84,8.25,3988,0.411
1991,35,350990,3509908,68.59,9.15,9666,0.45
1991,35,350995,3509957,65.79,8.08,2792,0.406
1991,35,351000,3510005,68.19,9.46,25243,0.519
1991,35,351010,3510104,69.04,9.8,2322,0.485
1991,35,351015,3510153,67.14,7.24,2440,0.37
1991,35,351020,3510203,65.02,9.14,46243,0.428
1991,35,351030,3510302,67.88,9.82,10700,0.433
1991,35,351040,3510401,70.71,8.28,33767,0.565
1991,35,351050,3510500,67.49,9.65,51889,0.519
1991,35,351060,3510609,69.79,9.13,282227,0.519
1991,35,351070,3510708,66.95,10.02,12179,0.504
1991,35,351080,3510807,68.95,9.59,23906,0.56
1991,35,351090,3510906,71.17,10.43,2713,0.487
1991,35,351100,3511003,67.67,9.18,14551,0.502
1991,35,351110,3511102,71.16,10.28,90019,0.582
1991,35,351120,3511201,68.51,9.34,6260,0.472
1991,35,351130,3511300,70.98,9.71,5679,0.528
1991,35,351140,3511409,65.51,9.76,13088,0.494
1991,35,351150,3511508,70.08,9.7,20043,0.559
1991,35,351160,3511607,68.07,9.93,10188,0.485
1991,35,351170,3511706,68.15,9.7,10688,0.515
1991,35,351190,3511904,69.58,10.17,4836,0.526
1991,35,351200,3512001,70.05,9,15812,0.522
1991,35,351210,3512100,67.02,8.11,5245,0.466
1991,35,351220,3512209,67.71,9.19,19228,0.468
1991,35,351230,3512308,68.95,10.38,11826,0.538
1991,35,351240,3512407,70.57,10.19,13296,0.578
1991,35,351250,3512506,67.65,9.85,3843,0.479
1991,35,351260,3512605,65.07,9.81,5722,0.401
1991,35,351270,3512704,69.99,10.09,3124,0.48
1991,35,351280,3512803,69.51,9.21,35539,0.529
1991,35,351290,3512902,67.15,10.27,7827,0.494
1991,35,351300,3513009,70.25,9.2,105520,0.557
1991,35,351310,3513108,69.97,8.93,22488,0.521
1991,35,351320,3513207,67.76,8.36,5593,0.441
1991,35,351330,3513306,69.52,9.64,2691,0.518
1991,35,351340,3513405,67.18,9.92,68202,0.556
1991,35,351350,3513504,65.02,8.28,89653,0.517
1991,35,351360,3513603,66.85,8.39,23337,0.39
1991,35,351370,3513702,70.11,9.46,25727,0.544
1991,35,351380,3513801,68.12,9.03,302906,0.528
1991,35,351385,3513850,66.3,10.06,1831,0.468
1991,35,351390,3513900,68.67,10.28,11559,0.464
1991,35,351400,3514007,70.01,8.94,6697,0.471
1991,35,351410,3514106,68.17,9.58,18725,0.529
1991,35,351420,3514205,67.27,10.09,2090,0.504
1991,35,351430,3514304,67.18,10.3,7684,0.544
1991,35,351440,3514403,66.67,10.47,39406,0.574
1991,35,351450,3514502,68.02,9.07,11845,0.53
1991,35,351460,3514601,69.91,9.34,4966,0.558
1991,35,351470,3514700,69.66,9.54,6304,0.504
1991,35,351480,3514809,66.67,9.6,12769,0.45
1991,35,351490,3514908,67.59,8.93,11566,0.443
1991,35,351492,3514924,67.27,8.71,2481,0.473
1991,35,351495,3514957,68.28,9.23,2422,0.455
1991,35,351500,3515004,68.08,8.91,155406,0.487
1991,35,351510,3515103,66.73,8.7,35995,0.483
1991,35,351512,3515129,66.6,8.93,2817,0.449
1991,35,351515,3515152,67.65,9.39,6222,0.472
1991,35,351518,3515186,71.75,10.11,36405,0.561
1991,35,351519,3515194,66.3,8.29,2894,0.359
1991,35,351520,3515202,69.11,9.81,8404,0.516
1991,35,351530,3515301,68.11,9.77,2777,0.458
1991,35,351535,3515350,66.01,9.05,9404,0.41
1991,35,351540,3515400,66.16,9.97,14099,0.484
1991,35,351550,3515509,72.08,10.19,55863,0.594
1991,35,351560,3515608,69.66,9.92,5114,0.502
1991,35,351565,3515657,66.3,8.55,1554,0.333
1991,35,351570,3515707,66.67,9.15,95167,0.48
1991,35,351580,3515806,65.79,10.35,2380,0.501
1991,35,351590,3515905,67.3,10.46,3544,0.535
1991,35,351600,3516002,66.71,10.26,12287,0.493
1991,35,351610,3516101,67.77,9.32,3012,0.484
1991,35,351620,3516200,70.75,9.78,230672,0.568
1991,35,351630,3516309,65.02,8.59,83706,0.444
1991,35,351640,3516408,68.02,8.83,80409,0.494
1991,35,351650,3516507,68.23,10.15,2463,0.525
1991,35,351660,3516606,64.71,9.07,8781,0.434
1991,35,351670,3516705,68.21,10.14,40767,0.534
1991,35,351680,3516804,66.27,8.57,3820,0.463
1991,35,351685,3516853,67.21,7.56,3802,0.44
1991,35,351690,3516903,66.38,10.64,10212,0.555
1991,35,351700,3517000,66.38,9.95,10029,0.484
1991,35,351710,3517109,66.89,9.8,4220,0.473
1991,35,351720,3517208,68.77,8.99,7323,0.499
1991,35,351730,3517307,67.84,9.84,5138,0.512
1991,35,351740,3517406,68.24,9.92,30952,0.506
1991,35,351750,3517505,69.12,9.37,10579,0.472
1991,35,351760,3517604,64.48,8.68,18232,0.344
1991,35,351770,3517703,68.15,8.83,16196,0.482
1991,35,351780,3517802,68.27,9.59,8247,0.521
1991,35,351790,3517901,67.02,9.26,7756,0.459
1991,35,351800,3518008,67.77,11.26,1784,0.474
1991,35,351810,3518107,65.02,9.21,5507,0.429
1991,35,351820,3518206,70.01,10.13,26504,0.564
1991,35,351830,3518305,66.22,8.92,17643,0.501
1991,35,351840,3518404,69.05,10.1,91235,0.598
1991,35,351850,3518503,66.34,9.59,8407,0.404
1991,35,351860,3518602,68.03,8.43,28973,0.485
1991,35,351870,3518701,66.34,8.73,207323,0.497
1991,35,351880,3518800,68.02,9.23,778285,0.544
1991,35,351885,3518859,67.49,9.11,5805,0.519
1991,35,351890,3518909,66.25,9.57,5052,0.398
1991,35,351900,3519006,66.67,8.92,7018,0.462
1991,35,351905,3519055,69.51,8.57,5414,0.532
1991,35,351907,3519071,69.55,9.2,89078,0.493
1991,35,351910,3519105,69.95,9.6,7561,0.534
1991,35,351920,3519204,69.08,9.78,7025,0.499
1991,35,351925,3519253,65.33,7.94,2026,0.404
1991,35,351930,3519303,68.11,8.81,18754,0.442
1991,35,351940,3519402,70.86,9.82,8648,0.504
1991,35,351950,3519501,67.71,9.72,5505,0.484
1991,35,351960,3519600,70.01,10.14,37999,0.521
1991,35,351970,3519709,67.15,8.2,48787,0.408
1991,35,351980,3519808,66.11,9.84,6044,0.508
1991,35,351990,3519907,66.86,9.69,7125,0.484
1991,35,352000,3520004,68.57,9.28,20725,0.445
1991,35,352010,3520103,68.15,9.15,22213,0.496
1991,35,352020,3520202,70.34,9.13,6157,0.427
1991,35,352030,3520301,67.88,9.76,25332,0.473
1991,35,352040,3520400,66.23,9.69,13163,0.505
1991,35,352042,3520426,66.67,9.07,2550,0.451
1991,35,352044,3520442,71.3,10.4,21872,0.635
1991,35,352050,3520509,69.84,9.71,100151,0.541
1991,35,352060,3520608,68.05,10.17,4618,0.515
1991,35,352070,3520707,65.99,10.16,4725,0.541
1991,35,352080,3520806,68.75,10.24,3491,0.508
1991,35,352090,3520905,67.18,9.33,11322,0.452
1991,35,352100,3521002,66.99,9.36,10456,0.514
1991,35,352110,3521101,70.57,8.35,2698,0.505
1991,35,352115,3521150,69.66,10.2,2344,0.49
1991,35,352120,3521200,63.63,8.4,4433,0.356
1991,35,352130,3521309,66.34,9.36,10332,0.485
1991,35,352140,3521408,71.37,10.34,11884,0.562
1991,35,352150,3521507,68.7,9.96,6009,0.456
1991,35,352160,3521606,68.3,9.8,8177,0.507
1991,35,352170,3521705,66.66,9.78,17814,0.436
1991,35,352180,3521804,66.85,9.3,17575,0.442
1991,35,352190,3521903,68.78,10.33,13329,0.506
1991,35,352200,3522000,67.3,10.74,2611,0.522
1991,35,352210,3522109,65.52,9.4,45513,0.523
1991,35,352215,3522158,63.63,9.57,3382,0.364
1991,35,352220,3522208,66.73,8.89,84977,0.501
1991,35,352230,3522307,66.29,9.24,100747,0.532
1991,35,352240,3522406,64.48,9.29,72562,0.458
1991,35,352250,3522505,67.74,7.85,105179,0.45
1991,35,352260,3522604,68.02,9.74,55801,0.54
1991,35,352265,3522653,63.54,8.17,3331,0.313
1991,35,352270,3522703,68.31,10.29,32714,0.508
1991,35,352280,3522802,66.3,9.83,14533,0.435
1991,35,352290,3522901,66.68,9.74,8958,0.482
1991,35,352300,3523008,66.86,9.18,3754,0.465
1991,35,352310,3523107,65.2,8.72,163630,0.443
1991,35,352320,3523206,64.09,9.83,41498,0.449
1991,35,352330,3523305,65.73,8.74,11542,0.449
1991,35,352340,3523404,69.48,9.87,60838,0.554
1991,35,352350,3523503,67.36,8.46,13131,0.455
1991,35,352360,3523602,68.16,10.17,9537,0.512
1991,35,352370,3523701,68.65,8.14,5015,0.446
1991,35,352380,3523800,66.88,9.51,6701,0.455
1991,35,352390,3523909,68.21,10,105605,0.55
1991,35,352400,3524006,70.7,8.49,18066,0.452
1991,35,352410,3524105,69.08,9.95,33081,0.556
1991,35,352420,3524204,67.93,9.03,6267,0.473
1991,35,352430,3524303,68.03,9.87,58723,0.579
1991,35,352440,3524402,67.2,9.39,162639,0.547
1991,35,352450,3524501,67.65,9.65,3231,0.476
1991,35,352460,3524600,66.71,9.74,14692,0.477
1991,35,352470,3524709,69.51,9.72,22413,0.533
1991,35,352480,3524808,68.03,10.35,40940,0.567
1991,35,352490,3524907,72.08,9.21,3245,0.457
1991,35,352500,3525003,69.79,9.17,62510,0.484
1991,35,352510,3525102,69.88,9.9,24002,0.503
1991,35,352520,3525201,65.56,8.86,10771,0.446
1991,35,352530,3525300,71.37,10.05,93093,0.575
1991,35,352540,3525409,67.67,8.22,3249,0.363
1991,35,352550,3525508,66.27,9.79,8134,0.425
1991,35,352560,3525607,67.36,9.71,3032,0.438
1991,35,352570,3525706,70.75,10,23472,0.539
1991,35,352580,3525805,66.3,9.94,3797,0.481
1991,35,352585,3525854,70.53,8.47,1753,0.506
1991,35,352590,3525904,70.34,9.95,285044,0.602
1991,35,352600,3526001,66.89,10.45,17642,0.535
1991,35,352610,3526100,66.25,9.56,16819,0.463
1991,35,352620,3526209,67.21,7.57,19817,0.417
1991,35,352630,3526308,66.14,10.06,4598,0.428
1991,35,352640,3526407,65.51,10.28,18732,0.529
1991,35,352650,3526506,66.81,10.16,5380,0.502
1991,35,352660,3526605,65.63,9.31,4568,0.474
1991,35,352670,3526704,68.78,9.83,67789,0.514
1991,35,352680,3526803,69.65,9.82,44730,0.558
1991,35,352690,3526902,68.78,9.81,206447,0.561
1991,35,352700,3527009,69.66,8.67,4790,0.514
1991,35,352710,3527108,70.41,10.05,56691,0.598
1991,35,352720,3527207,68.34,9.94,69783,0.591
1991,35,352725,3527256,66.67,7.54,1696,0.481
1991,35,352730,3527306,71.16,9.07,16072,0.513
1991,35,352740,3527405,69.76,10.36,17655,0.548
1991,35,352750,3527504,68.49,9.87,2354,0.439
1991,35,352760,3527603,66.25,9.13,4788,0.481
1991,35,352770,3527702,67.67,9.1,4130,0.481
1991,35,352780,3527801,66.3,9.46,4072,0.433
1991,35,352790,3527900,67.04,9.54,2625,0.467
1991,35,352800,3528007,68.17,9.81,13382,0.522
1991,35,352810,3528106,70.52,9.95,7321,0.484
1991,35,352820,3528205,68.02,10,3950,0.47
1991,35,352830,3528304,65.79,10.4,3679,0.522
1991,35,352840,3528403,68.21,9.46,29189,0.525
1991,35,352850,3528502,68.02,9.17,39744,0.533
1991,35,352860,3528601,65.36,10.69,7203,0.484
1991,35,352870,3528700,64.49,8.91,3491,0.415
1991,35,352880,3528809,70.41,10.07,12421,0.515
1991,35,352885,3528858,70.53,7.91,1594,0.41
1991,35,352890,3528908,66.99,9.21,4314,0.488
1991,35,352900,3529005,68.72,10.05,159026,0.601
1991,35,352910,3529104,66.23,10.15,2084,0.486
1991,35,352920,3529203,66.88,9.82,19456,0.516
1991,35,352930,3529302,69.76,9.35,63063,0.517
1991,35,352940,3529401,68.12,9.32,293765,0.523
1991,35,352950,3529500,68.11,9.76,3472,0.487
1991,35,352960,3529609,66.29,9.85,3762,0.452
1991,35,352965,3529658,66.3,9.46,1716,0.428
1991,35,352970,3529708,67.85,9.27,17061,0.498
1991,35,352980,3529807,67.37,9.22,9364,0.492
1991,35,352990,3529906,65.79,8.89,18813,0.452
1991,35,353000,3530003,66.2,9.64,2621,0.425
1991,35,353010,3530102,70.43,10.19,23969,0.545
1991,35,353020,3530201,67.15,9.91,14670,0.496
1991,35,353030,3530300,68.95,9.97,38849,0.542
1991,35,353040,3530409,68.97,8.85,3003,0.458
1991,35,353050,3530508,67.94,9.92,57750,0.538
1991,35,353060,3530607,66.82,9.66,261094,0.566
1991,35,353070,3530706,69.37,9.83,100509,0.563
1991,35,353080,3530805,70.3,9.98,64300,0.574
1991,35,353090,3530904,68.55,10.3,2597,0.526
1991,35,353100,3531001,66.3,7.86,2106,0.428
1991,35,353110,3531100,65.8,9.21,18150,0.516
1991,35,353120,3531209,69.66,10.81,5401,0.504
1991,35,353130,3531308,71.44,10.19,39424,0.574
1991,35,353140,3531407,70.52,10.29,17659,0.557
1991,35,353150,3531506,66.66,9.95,17547,0.494
1991,35,353160,3531605,66.95,10.61,4718,0.461
1991,35,353170,3531704,67.21,9.83,3322,0.466
1991,35,353180,3531803,69.46,8.88,25447,0.46
1991,35,353190,3531902,68.12,9.07,20922,0.483
1991,35,353200,3532009,68.75,9.61,8169,0.513
1991,35,353205,3532058,70.01,9.38,3334,0.496
1991,35,353210,3532108,69.66,10.92,3785,0.566
1991,35,353215,3532157,65.79,8.83,2824,0.4
1991,35,353220,3532207,67.93,8.96,3123,0.432
1991,35,353230,3532306,66.14,8.35,6391,0.353
1991,35,353240,3532405,67.84,8.6,11552,0.407
1991,35,353250,3532504,68.27,10.15,7833,0.516
1991,35,353260,3532603,68.93,10.58,10202,0.55
1991,35,353270,3532702,68.15,9.29,2768,0.439
1991,35,353280,3532801,67.76,10.57,4184,0.564
1991,35,353282,3532827,63.38,6.21,5023,0.234
1991,35,353284,3532843,66.6,10.59,2713,0.367
1991,35,353286,3532868,67.27,8.5,1072,0.435
1991,35,353290,3532900,69.94,9.93,5371,0.545
1991,35,353300,3533007,68.85,9.67,14790,0.508
1991,35,353310,3533106,70.54,10.88,2133,0.493
1991,35,353320,3533205,68.05,10.21,1997,0.434
1991,35,353325,3533254,67.36,8.37,3204,0.38
1991,35,353330,3533304,66.27,9.51,2621,0.493
1991,35,353340,3533403,69.67,10.18,33926,0.577
1991,35,353350,3533502,72.11,9.54,30139,0.546
1991,35,353360,3533601,68.24,9.17,5757,0.501
1991,35,353370,3533700,68.72,9.68,4226,0.504
1991,35,353380,3533809,68.46,10.18,2801,0.511
1991,35,353390,3533908,70.75,10.01,42596,0.539
1991,35,353400,3534005,68.86,9.62,2829,0.47
1991,35,353410,3534104,70.17,9.81,6602,0.526
1991,35,353420,3534203,66.11,9.99,2982,0.535
1991,35,353430,3534302,71.03,9.85,30903,0.578
1991,35,353440,3534401,69.79,9.48,557907,0.572
1991,35,353450,3534500,68.72,9.15,2496,0.496
1991,35,353460,3534609,69.52,10.37,28699,0.581
1991,35,353470,3534708,70.68,10,76280,0.57
1991,35,353475,3534757,67.15,9.94,4891,0.499
1991,35,353480,3534807,66.3,8.95,7090,0.407
1991,35,353490,3534906,68.87,9.78,12298,0.517
1991,35,353500,3535002,69.88,9.82,8973,0.517
1991,35,353510,3535101,68.67,8,7217,0.433
1991,35,353520,3535200,66.6,9.87,10876,0.48
1991,35,353530,3535309,66.12,9.66,18490,0.501
1991,35,353540,3535408,66.67,9.53,12256,0.469
1991,35,353550,3535507,67.37,9.71,33867,0.539
1991,35,353560,3535606,66.12,8.82,14596,0.418
1991,35,353570,3535705,69.2,10.71,4706,0.513
1991,35,353580,3535804,65.14,9.09,12728,0.45
1991,35,353590,3535903,69.49,9.64,4056,0.493
1991,35,353600,3536000,68.37,9.98,11342,0.492
1991,35,353610,3536109,67.59,9.3,3415,0.4
1991,35,353620,3536208,67.15,10.12,13110,0.49
1991,35,353625,3536257,65.51,9.23,1605,0.459
1991,35,353630,3536307,68.46,8.76,9686,0.481
1991,35,353640,3536406,65.24,9.35,4120,0.422
1991,35,353650,3536505,70.92,9.64,37102,0.597
1991,35,353657,3536570,68.49,3.95,1554,0.451
1991,35,353660,3536604,65.99,9.87,8232,0.505
1991,35,353670,3536703,67.16,9.38,31822,0.525
1991,35,353680,3536802,64.56,9.05,5139,0.377
1991,35,353690,3536901,71.22,9.59,3105,0.526
1991,35,353700,3537008,67.65,9.2,13747,0.508
1991,35,353710,3537107,70.42,9.43,27681,0.551
1991,35,353715,3537156,69.94,10.95,2536,0.594
1991,35,353720,3537206,66.23,9.42,7763,0.465
1991,35,353730,3537305,67.53,9.88,48233,0.539
1991,35,353740,3537404,69.55,9.87,25102,0.545
1991,35,353750,3537503,68.05,9.61,4431,0.527
1991,35,353760,3537602,65.52,9.09,31952,0.493
1991,35,353770,3537701,68.23,10.33,4491,0.493
1991,35,353780,3537800,65.59,8.96,42834,0.448
1991,35,353790,3537909,65.59,8.56,18847,0.438
1991,35,353800,3538006,67.49,9.83,101108,0.549
1991,35,353810,3538105,70.04,10.41,12284,0.523
1991,35,353820,3538204,68.75,10.04,8416,0.445
1991,35,353830,3538303,68.2,9.39,3255,0.453
1991,35,353850,3538501,67.54,10.07,14709,0.563
1991,35,353860,3538600,69.04,9.91,18696,0.461
1991,35,353870,3538709,70.03,9.98,276559,0.58
1991,35,353880,3538808,65.02,9.95,25656,0.515
1991,35,353890,3538907,69.86,9.23,17986,0.534
1991,35,353900,3539004,69.65,9.76,9838,0.541
1991,35,353910,3539103,67.74,7.58,7913,0.423
1991,35,353920,3539202,68.12,9.58,20850,0.52
1991,35,353930,3539301,69.49,9.87,55791,0.602
1991,35,353940,3539400,69.37,10.13,9560,0.567
1991,35,353950,3539509,68.03,9.03,26637,0.498
1991,35,353960,3539608,68.7,9.74,3497,0.479
1991,35,353970,3539707,65.79,9.34,2822,0.421
1991,35,353980,3539806,69.75,9.81,75985,0.534
1991,35,353990,3539905,70.52,10.69,4523,0.571
1991,35,354000,3540002,69.53,9.52,17050,0.55
1991,35,354010,3540101,68.49,9.81,3541,0.512
1991,35,354020,3540200,68.65,8.84,22709,0.49
1991,35,354025,3540259,66.34,9.12,3148,0.426
1991,35,354030,3540309,65.51,9.03,2956,0.481
1991,35,354040,3540408,69.43,9.82,4654,0.497
1991,35,354050,3540507,67.21,9.98,5559,0.484
1991,35,354060,3540606,70.04,9.71,36530,0.512
1991,35,354070,3540705,68.14,10.04,38005,0.567
1991,35,354075,3540754,66.01,9.09,10001,0.461
1991,35,354080,3540804,69.9,10.76,11166,0.523
1991,35,354085,3540853,65.79,8.38,1495,0.317
1991,35,354090,3540903,68.11,9.47,9861,0.558
1991,35,354100,3541000,66.25,9.35,122591,0.538
1991,35,354105,3541059,64.49,9.6,2783,0.458
1991,35,354110,3541109,66.2,8.71,4445,0.498
1991,35,354120,3541208,69.58,10.61,12875,0.568
1991,35,354130,3541307,66.86,9.87,34382,0.531
1991,35,354140,3541406,70.98,10.56,163167,0.623
1991,35,354150,3541505,69.08,9.66,35153,0.542
1991,35,354160,3541604,70.01,9.36,26530,0.521
1991,35,354165,3541653,68.07,6.96,1801,0.394
1991,35,354170,3541703,68.11,9.05,11253,0.474
1991,35,354180,3541802,67.15,9.81,1936,0.48
1991,35,354190,3541901,66.3,8.48,7621,0.448
1991,35,354200,3542008,65.08,9.4,5170,0.477
1991,35,354210,3542107,67.65,9.84,7976,0.516
1991,35,354220,3542206,70.41,9.56,26600,0.557
1991,35,354230,3542305,66.14,9.66,3999,0.402
1991,35,354240,3542404,68.92,9.53,14913,0.532
1991,35,354250,3542503,65.02,9.65,4728,0.488
1991,35,354260,3542602,66.71,9.78,48397,0.509
1991,35,354270,3542701,66.3,9.31,4396,0.439
1991,35,354280,3542800,63.38,8.47,3955,0.416
1991,35,354290,3542909,67.27,9.91,10259,0.485
1991,35,354300,3543006,63.54,6.73,19202,0.306
1991,35,354310,3543105,67.67,9.19,3229,0.441
1991,35,354320,3543204,66.54,9.86,4679,0.484
1991,35,354323,3543238,67.67,9.45,2172,0.478
1991,35,354325,3543253,63.63,6.74,6171,0.296
1991,35,354330,3543303,68.34,10.07,85395,0.58
1991,35,354340,3543402,70.23,10.17,424688,0.626
1991,35,354350,3543501,64.48,9.53,9359,0.405
1991,35,354360,3543600,67.15,8.28,2793,0.438
1991,35,354370,3543709,67.54,9.59,10313,0.501
1991,35,354380,3543808,65.56,10.22,11089,0.456
1991,35,354390,3543907,70.2,10.08,136676,0.611
1991,35,354400,3544004,68.55,9.46,19099,0.507
1991,35,354410,3544103,68.12,9.15,29894,0.498
1991,35,354420,3544202,65.46,9.09,7735,0.487
1991,35,354425,3544251,67.74,10.12,20603,0.54
1991,35,354430,3544301,68.19,9.12,6157,0.485
1991,35,354440,3544400,67.65,10.2,2627,0.527
1991,35,354450,3544509,68.03,9.65,2236,0.524
1991,35,354460,3544608,67.21,9.24,4517,0.44
1991,35,354470,3544707,66.66,9.86,2431,0.439
1991,35,354480,3544806,70.54,9.79,3725,0.476
1991,35,354490,3544905,69.66,9.31,7718,0.553
1991,35,354500,3545001,66.4,9.77,11274,0.473
1991,35,354510,3545100,66.66,9.19,4462,0.446
1991,35,354515,3545159,72.08,10.03,4988,0.573
1991,35,354520,3545209,68.21,9.52,71884,0.526
1991,35,354530,3545308,67.15,8.31,23986,0.46
1991,35,354540,3545407,68.69,9.91,7299,0.48
1991,35,354550,3545506,67.88,8.74,2395,0.513
1991,35,354560,3545605,69.08,10.49,12478,0.491
1991,35,354570,3545704,67.27,9.51,5626,0.468
1991,35,354580,3545803,69.51,9.9,144944,0.532
1991,35,354600,3546009,67.18,9.23,10161,0.5
1991,35,354610,3546108,67.16,8.72,2497,0.465
1991,35,354620,3546207,69.86,9.4,2914,0.569
1991,35,354625,3546256,68.27,9.67,1757,0.536
1991,35,354630,3546306,68.14,9.83,21689,0.493
1991,35,354640,3546405,70.71,9.74,36211,0.547
1991,35,354650,3546504,66.2,9.64,5093,0.49
1991,35,354660,3546603,69.9,10.31,22942,0.584
1991,35,354670,3546702,70.21,9.92,10391,0.554
1991,35,354680,3546801,67.3,9.01,37656,0.456
1991,35,354690,3546900,67.74,9.07,6272,0.445
1991,35,354700,3547007,65.79,9.8,4265,0.436
1991,35,354710,3547106,66.3,10.44,2979,0.467
1991,35,354720,3547205,70.34,10.48,2356,0.474
1991,35,354730,3547304,69.79,8.97,32024,0.554
1991,35,354740,3547403,68.72,10.21,3487,0.482
1991,35,354750,3547502,71.96,9.94,23434,0.581
1991,35,354760,3547601,70.54,10.02,19064,0.559
1991,35,354765,3547650,71.57,7.97,1720,0.455
1991,35,354770,3547700,68.3,10.02,19722,0.537
1991,35,354780,3547809,70.34,10.06,610809,0.63
1991,35,354790,3547908,68.02,9.01,5136,0.466
1991,35,354800,3548005,68.28,9.08,14052,0.484
1991,35,354805,3548054,66.81,9.87,6989,0.447
1991,35,354810,3548104,68.44,9.64,5683,0.463
1991,35,354820,3548203,66.25,9.19,5312,0.442
1991,35,354830,3548302,66.14,10.46,2216,0.519
1991,35,354840,3548401,66.34,9.61,3845,0.51
1991,35,354850,3548500,71.52,10.47,406483,0.689
1991,35,354860,3548609,69.12,10.17,8582,0.467
1991,35,354870,3548708,68.93,9.85,559471,0.642
1991,35,354880,3548807,72.11,10.57,146857,0.697
1991,35,354890,3548906,71.61,10.12,156682,0.62
1991,35,354900,3549003,67.21,9.53,2614,0.445
1991,35,354910,3549102,71.43,9.87,68302,0.585
1991,35,354920,3549201,67.77,10.06,2783,0.49
1991,35,354925,3549250,66.27,9.41,1530,0.406
1991,35,354930,3549300,66.34,10.51,2799,0.517
1991,35,354940,3549409,68.24,9.63,35765,0.515
1991,35,354950,3549508,68.65,8.71,7080,0.459
1991,35,354960,3549607,66.3,8.06,3920,0.405
1991,35,354970,3549706,70.43,9.48,44931,0.557
1991,35,354980,3549805,69.9,10.17,277413,0.61
1991,35,354990,3549904,70.23,10.08,437176,0.607
1991,35,354995,3549953,66.38,8.18,7573,0.449
1991,35,355000,3550001,67.67,8.56,9867,0.457
1991,35,355010,3550100,68.95,9.15,32042,0.496
1991,35,355020,3550209,65.94,8.21,25719,0.447
1991,35,355030,3550308,69.51,9.76,9453086,0.626
1991,35,355040,3550407,68.63,9.74,20020,0.524
1991,35,355050,3550506,67.84,10.45,6225,0.438
1991,35,355060,3550605,69.65,9.33,56428,0.53
1991,35,355070,3550704,69.11,9.5,32725,0.52
1991,35,355080,3550803,67.54,9.7,11760,0.479
1991,35,355090,3550902,69.94,9.34,11911,0.563
1991,35,355100,3551009,68.02,9.49,265328,0.561
1991,35,355110,3551108,65.8,9.32,6412,0.463
1991,35,355120,3551207,66.01,8.32,3020,0.431
1991,35,355130,3551306,66.13,10.43,2516,0.491
1991,35,355140,3551405,66.2,8.23,6165,0.428
1991,35,355150,3551504,67.67,9.46,23188,0.513
1991,35,355160,3551603,70.75,10.35,21358,0.575
1991,35,355170,3551702,71.53,9.85,77936,0.551
1991,35,355180,3551801,67.21,10,12408,0.447
1991,35,355190,3551900,68.51,9.4,10099,0.465
1991,35,355200,3552007,66.67,7.39,4831,0.419
1991,35,355210,3552106,68.15,9.31,30527,0.477
1991,35,355220,3552205,68.21,9.61,373943,0.579
1991,35,355230,3552304,68.11,9.48,7173,0.495
1991,35,355240,3552403,70.54,9.17,136767,0.506
1991,35,355250,3552502,67.98,9.55,166032,0.529
1991,35,355255,3552551,68.27,8.59,2618,0.446
1991,35,355260,3552601,69.08,10.21,9793,0.483
1991,35,355270,3552700,67.18,9.82,10892,0.449
1991,35,355280,3552809,68.08,9.4,158923,0.562
1991,35,355290,3552908,66.25,10.19,4750,0.47
1991,35,355300,3553005,69.52,9.54,6417,0.46
1991,35,355310,3553104,68.03,9.74,5011,0.421
1991,35,355320,3553203,70.82,11.1,5191,0.552
1991,35,355330,3553302,69.26,9.46,19794,0.5
1991,35,355340,3553401,68.11,10.43,21364,0.531
1991,35,355350,3553500,65.59,8.64,5658,0.446
1991,35,355360,3553609,70.7,9.72,11731,0.462
1991,35,355365,3553658,68.03,7.76,2549,0.468
1991,35,355370,3553708,68.44,9.5,45540,0.515
1991,35,355380,3553807,63.51,8.63,18411,0.42
1991,35,355385,3553856,63.9,8.88,3070,0.351
1991,35,355390,3553906,66.6,9.82,4684,0.487
1991,35,355395,3553955,69.52,9.43,9377,0.469
1991,35,355400,3554003,69.11,10.16,73602,0.54
1991,35,355410,3554102,71.98,10,204555,0.6
1991,35,355420,3554201,66.01,9.04,4710,0.336
1991,35,355430,3554300,66.71,9.42,18844,0.485
1991,35,355440,3554409,67.15,10.32,6631,0.484
1991,35,355450,3554508,70.23,10.4,25072,0.557
1991,35,355460,3554607,66.3,8.89,2827,0.396
1991,35,355465,3554656,66.7,9.83,1244,0.492
1991,35,355470,3554706,71.96,10.33,7452,0.546
1991,35,355475,3554755,66.23,8.57,1416,0.356
1991,35,355480,3554805,71.52,10.42,25649,0.563
1991,35,355490,3554904,66.11,10.04,5142,0.491
1991,35,355495,3554953,69.48,7.88,4096,0.391
1991,35,355500,3555000,68.64,10.08,57949,0.562
1991,35,355510,3555109,69.49,10.67,13977,0.566
1991,35,355520,3555208,68.11,10.68,2022,0.519
1991,35,355530,3555307,67.27,10.57,2739,0.522
1991,35,355535,3555356,66.86,8.26,2788,0.368
1991,35,355540,3555406,67.67,9.78,46000,0.518
1991,35,355550,3555505,67.59,9.39,4172,0.391
1991,35,355560,3555604,66.16,10.66,8283,0.529
1991,35,355570,3555703,67.98,10.29,1320,0.472
1991,35,355580,3555802,66.2,10.15,8235,0.485
1991,35,355590,3555901,66.3,10.01,1349,0.494
1991,35,355600,3556008,67.02,10.78,10901,0.519
1991,35,355610,3556107,67.37,10.36,5870,0.499
1991,35,355620,3556206,69.78,9.99,67062,0.597
1991,35,355630,3556305,67.59,9.83,16288,0.494
1991,35,355635,3556354,68.93,9.43,5010,0.428
1991,35,355640,3556404,68.44,9.37,30838,0.489
1991,35,355645,3556453,66.91,8.66,17862,0.485
1991,35,355650,3556503,68.77,8.98,68714,0.477
1991,35,355660,3556602,65.56,9.89,10959,0.515
1991,35,355670,3556701,71.77,9.86,33395,0.581
1991,35,355680,3556800,67.27,10.07,12910,0.502
1991,35,355690,3556909,69.66,10.56,3605,0.505
1991,35,355695,3556958,67.21,9.5,1618,0.49
1991,35,355700,3557006,68.63,9.57,80452,0.527
1991,35,355710,3557105,71.11,10.14,64069,0.571
1991,35,355715,3557154,67.59,9.61,1961,0.488
1991,35,355720,3557204,68.91,8.24,11633,0.47
1991,35,355730,3557303,67.65,9.55,6573,0.485
2000,35,350010,3500105,73.64,11.51,33117,0.721
2000,35,350020,3500204,73.09,11.51,3677,0.667
2000,35,350030,3500303,73.04,8.77,27949,0.642
2000,35,350040,3500402,73.44,10.24,7041,0.692
2000,35,350050,3500501,75.49,9.15,15609,0.695
2000,35,350055,3500550,74.86,10.89,5004,0.668
2000,35,350060,3500600,77.18,10.96,1842,0.791
2000,35,350070,3500709,71.6,10.48,31989,0.669
2000,35,350075,3500758,70.13,9.56,3648,0.572
2000,35,350080,3500808,72.65,10.53,3697,0.646
2000,35,350090,3500907,67.97,10.24,3451,0.605
2000,35,350100,3501004,73.55,10.45,15314,0.658
2000,35,350110,3501103,72.22,11.17,4212,0.616
2000,35,350115,3501152,70.48,9.72,15180,0.682
2000,35,350120,3501202,71.18,11.04,4292,0.665
2000,35,350130,3501301,72.32,10.52,22573,0.661
2000,35,350140,3501400,68.36,9.92,3290,0.56
2000,35,350150,3501509,70.57,9.45,2837,0.555
2000,35,350160,3501608,73.87,10.79,181231,0.735
2000,35,350170,3501707,73.17,10.7,28134,0.658
2000,35,350180,3501806,72.12,9.93,5575,0.644
2000,35,350190,3501905,73.83,10.12,59930,0.716
2000,35,350200,3502002,73.46,9.95,3552,0.685
2000,35,350210,3502101,73.29,10.78,54118,0.717
2000,35,350220,3502200,71.27,9.52,19186,0.612
2000,35,350230,3502309,72.52,10,4483,0.626
2000,35,350240,3502408,70.74,9.5,3356,0.585
2000,35,350250,3502507,72.82,10.18,34209,0.689
2000,35,350260,3502606,70.88,10.23,4906,0.626
2000,35,350270,3502705,71.15,10.02,26938,0.605
2000,35,350275,3502754,70.31,8.57,12664,0.602
2000,35,350280,3502804,72.75,10.85,166702,0.744
2000,35,350290,3502903,73.15,9.69,19911,0.658
2000,35,350300,3503000,71.84,9.8,4721,0.628
2000,35,350310,3503109,69.86,9.71,6016,0.584
2000,35,350315,3503158,71.01,9.87,2618,0.594
2000,35,350320,3503208,73.6,10.71,180567,0.742
2000,35,350330,3503307,74.91,10.17,102999,0.71
2000,35,350335,3503356,72.44,10.48,2163,0.636
2000,35,350340,3503406,72.84,10.16,7208,0.662
2000,35,350350,3503505,70.05,9.9,3481,0.6
2000,35,350360,3503604,70.89,9.16,10272,0.578
2000,35,350370,3503703,71.44,10.66,7456,0.633
2000,35,350380,3503802,73.13,9.35,32979,0.658
2000,35,350390,3503901,72.75,10.16,58300,0.67
2000,35,350395,3503950,73.69,9.85,1855,0.629
2000,35,350400,3504008,73.36,10.85,85959,0.728
2000,35,350410,3504107,73.26,9.3,109825,0.675
2000,35,350420,3504206,70.14,10.65,13456,0.677
2000,35,350430,3504305,72.03,9.18,4477,0.608
2000,35,350440,3504404,71.57,9.99,8821,0.608
2000,35,350450,3504503,73.77,9.97,74110,0.683
2000,35,350460,3504602,71.18,10.43,11522,0.688
2000,35,350470,3504701,71.13,11.44,1313,0.639
2000,35,350480,3504800,74.97,10.62,7340,0.705
2000,35,350490,3504909,73.1,10.01,9618,0.632
2000,35,350500,3505005,70.46,10.71,2783,0.593
2000,35,350510,3505104,69.28,9.43,5833,0.588
2000,35,350520,3505203,75.76,10.02,28062,0.698
2000,35,350530,3505302,73.43,10.43,35284,0.706
2000,35,350535,3505351,66.95,8.83,4831,0.488
2000,35,350540,3505401,69.56,8.3,7849,0.482
2000,35,350550,3505500,73.24,10.72,102968,0.71
2000,35,350560,3505609,70.57,9.61,24001,0.591
2000,35,350570,3505708,72.77,10.01,207182,0.705
2000,35,350580,3505807,72.46,10.43,20509,0.651
2000,35,350590,3505906,74.75,10.14,50662,0.695
2000,35,350600,3506003,72.9,10.3,311459,0.736
2000,35,350610,3506102,74.07,10.33,74366,0.695
2000,35,350620,3506201,72.74,9.17,2387,0.635
2000,35,350630,3506300,71.99,9.81,10591,0.643
2000,35,350635,3506359,70.36,9.46,29307,0.634
2000,35,350640,3506409,75.49,10.66,6021,0.709
2000,35,350650,3506508,72.43,10.45,93896,0.703
2000,35,350660,3506607,69.37,9.46,24393,0.603
2000,35,350670,3506706,71.44,9.73,12483,0.602
2000,35,350680,3506805,74.97,9.64,9316,0.677
2000,35,350690,3506904,73.08,9.46,7325,0.616
2000,35,350700,3507001,73.08,9.84,33807,0.672
2000,35,350710,3507100,71.05,9.39,13135,0.617
2000,35,350715,3507159,69.04,9.2,3231,0.539
2000,35,350720,3507209,72.64,6.91,795,0.649
2000,35,350730,3507308,74.43,9.34,3739,0.637
2000,35,350740,3507407,72.02,10.83,13097,0.63
2000,35,350745,3507456,70.61,10.05,1930,0.578
2000,35,350750,3507506,72.79,10.15,107586,0.718
2000,35,350760,3507605,72.76,9.74,123930,0.687
2000,35,350770,3507704,72.34,11.19,4383,0.669
2000,35,350775,3507753,70.33,10.21,2146,0.597
2000,35,350780,3507803,74.06,9.98,17108,0.665
2000,35,350790,3507902,70.67,10.25,18667,0.664
2000,35,350800,3508009,67.35,8.49,17350,0.542
2000,35,350810,3508108,69.95,10.59,13686,0.66
2000,35,350820,3508207,71.29,9.05,3661,0.608
2000,35,350830,3508306,69.66,9.11,4610,0.577
2000,35,350840,3508405,72.61,9.43,32766,0.626
2000,35,350850,3508504,74.02,10.48,75629,0.694
2000,35,350860,3508603,73.79,9.9,26869,0.676
2000,35,350870,3508702,73.01,9.41,18191,0.619
2000,35,350880,3508801,73.35,10.21,15658,0.654
2000,35,350890,3508900,72.58,10.33,4074,0.626
2000,35,350900,3509007,73.65,10.55,71031,0.687
2000,35,350910,3509106,67.71,10.75,4171,0.593
2000,35,350920,3509205,70.23,9.82,50489,0.634
2000,35,350925,3509254,69.56,8.89,28845,0.579
2000,35,350930,3509304,72.41,10.36,9116,0.617
2000,35,350940,3509403,71.87,9.39,20867,0.648
2000,35,350945,3509452,69.56,8.93,5175,0.592
2000,35,350950,3509502,73.07,10.06,954734,0.735
2000,35,350960,3509601,73.28,10.47,62616,0.678
2000,35,350970,3509700,70.69,9.73,42966,0.653
2000,35,350980,3509809,72.16,8.49,4172,0.592
2000,35,350990,3509908,73.44,9.97,12133,0.625
2000,35,350995,3509957,68.35,9.36,3612,0.577
2000,35,351000,3510005,72.88,10.55,29053,0.656
2000,35,351010,3510104,72.08,10.59,2608,0.629
2000,35,351015,3510153,69.94,9.92,3475,0.545
2000,35,351020,3510203,69.93,8.93,46312,0.579
2000,35,351030,3510302,70.68,9.65,14163,0.573
2000,35,351040,3510401,73.01,9.42,40878,0.655
2000,35,351050,3510500,73.59,10.35,78132,0.685
2000,35,351060,3510609,71.13,10.04,340398,0.644
2000,35,351070,3510708,71.91,10.85,11549,0.656
2000,35,351080,3510807,74.37,10.1,24886,0.699
2000,35,351090,3510906,74.68,10.34,2853,0.643
2000,35,351100,3511003,70.63,10.97,14858,0.634
2000,35,351110,3511102,72.96,10.4,105183,0.705
2000,35,351120,3511201,72.72,10.53,6540,0.632
2000,35,351130,3511300,76.41,9.65,6649,0.657
2000,35,351140,3511409,69.51,9.98,15044,0.631
2000,35,351150,3511508,73.8,10.18,29409,0.713
2000,35,351160,3511607,71.85,8.74,11961,0.622
2000,35,351170,3511706,72.19,10.37,12972,0.636
2000,35,351190,3511904,72.18,10.16,5369,0.636
2000,35,351200,3512001,73.13,10.59,16517,0.663
2000,35,351210,3512100,71.78,9.77,5610,0.607
2000,35,351220,3512209,72.63,9.06,22595,0.602
2000,35,351230,3512308,71.48,9.32,14782,0.658
2000,35,351240,3512407,75.93,9.91,17402,0.706
2000,35,351250,3512506,72.54,11.07,4363,0.63
2000,35,351260,3512605,67.48,10.32,5576,0.561
2000,35,351270,3512704,71.58,10.29,3748,0.641
2000,35,351280,3512803,73.39,9.55,44131,0.665
2000,35,351290,3512902,73.07,10.5,7338,0.627
2000,35,351300,3513009,72.88,10.46,145872,0.693
2000,35,351310,3513108,73.18,9.72,28315,0.668
2000,35,351320,3513207,69.85,9.25,6551,0.609
2000,35,351330,3513306,71.58,11.16,2602,0.69
2000,35,351340,3513405,73.46,10.34,73150,0.704
2000,35,351350,3513504,70.36,9.24,107683,0.634
2000,35,351360,3513603,72.88,8.97,22902,0.543
2000,35,351370,3513702,74.13,10.52,28720,0.7
2000,35,351380,3513801,71.41,9.84,351467,0.664
2000,35,351385,3513850,71.25,11.23,1601,0.644
2000,35,351390,3513900,73.09,9.77,11803,0.63
2000,35,351400,3514007,71.32,9.18,6970,0.625
2000,35,351410,3514106,70.63,9.67,22397,0.642
2000,35,351420,3514205,71.57,11.44,2152,0.647
2000,35,351430,3514304,71.15,10.74,8551,0.658
2000,35,351440,3514403,75.14,10.96,40296,0.717
2000,35,351450,3514502,71.95,10.35,12415,0.638
2000,35,351460,3514601,72.39,9.96,6281,0.675
2000,35,351470,3514700,72.65,10.72,6821,0.634
2000,35,351480,3514809,72.41,9.75,14027,0.588
2000,35,351490,3514908,70.98,8.82,13830,0.589
2000,35,351492,3514924,71.43,10.44,2572,0.615
2000,35,351495,3514957,73.4,12.02,2478,0.655
2000,35,351500,3515004,71.22,9.47,204307,0.63
2000,35,351510,3515103,71.8,10.04,55724,0.65
2000,35,351512,3515129,70.99,10.91,2887,0.635
2000,35,351515,3515152,72.44,9.54,9631,0.646
2000,35,351518,3515186,74.81,9.18,40039,0.681
2000,35,351519,3515194,69.64,9.17,3675,0.573
2000,35,351520,3515202,73.44,10.74,8182,0.677
2000,35,351530,3515301,70.65,10.52,2615,0.645
2000,35,351535,3515350,70.13,10.84,9542,0.599
2000,35,351540,3515400,72.35,9.58,14764,0.633
2000,35,351550,3515509,75.27,10.94,61401,0.728
2000,35,351560,3515608,74.26,10.79,5366,0.634
2000,35,351565,3515657,71.57,11.02,1423,0.642
2000,35,351570,3515707,71.84,10.36,141845,0.637
2000,35,351580,3515806,69.34,11.55,2177,0.639
2000,35,351590,3515905,72.48,10.81,3223,0.664
2000,35,351600,3516002,69.57,11.14,11058,0.622
2000,35,351610,3516101,72.16,9.93,3074,0.642
2000,35,351620,3516200,73.4,10.03,286386,0.688
2000,35,351630,3516309,70.64,9.54,133293,0.571
2000,35,351640,3516408,70.57,10.05,101128,0.628
2000,35,351650,3516507,70.07,9.87,2710,0.631
2000,35,351660,3516606,69.04,9.4,7690,0.606
2000,35,351670,3516705,71.99,10.13,42425,0.685
2000,35,351680,3516804,70.76,9.99,3567,0.638
2000,35,351685,3516853,71.23,10.47,4112,0.597
2000,35,351690,3516903,70.2,10.65,10705,0.659
2000,35,351700,3517000,70.68,10.33,9532,0.623
2000,35,351710,3517109,73.26,9.56,4406,0.629
2000,35,351720,3517208,70.61,9.58,9186,0.615
2000,35,351730,3517307,70.97,10.34,5196,0.607
2000,35,351740,3517406,73.02,10.54,34521,0.675
2000,35,351750,3517505,75.03,10.27,13800,0.679
2000,35,351760,3517604,69.6,9.13,19529,0.514
2000,35,351770,3517703,69.58,8.89,18773,0.605
2000,35,351780,3517802,69.59,11.42,8839,0.663
2000,35,351790,3517901,71.79,10.37,8770,0.632
2000,35,351800,3518008,71.07,10.45,1985,0.62
2000,35,351810,3518107,69.78,9.75,5739,0.582
2000,35,351820,3518206,71.41,10.51,28697,0.687
2000,35,351830,3518305,72.46,10,21683,0.658
2000,35,351840,3518404,72.77,10.74,103425,0.718
2000,35,351850,3518503,72.17,9.36,10119,0.579
2000,35,351860,3518602,69.97,9.74,31541,0.603
2000,35,351870,3518701,71.1,9.61,262860,0.636
2000,35,351880,3518800,72.2,10.07,1063520,0.678
2000,35,351885,3518859,72.76,10.06,6207,0.652
2000,35,351890,3518909,71.89,10.71,4283,0.613
2000,35,351900,3519006,72.35,10.12,7962,0.612
2000,35,351905,3519055,74.86,9.74,7184,0.688
2000,35,351907,3519071,72.25,9.58,151568,0.636
2000,35,351910,3519105,74.54,9.73,8180,0.672
2000,35,351920,3519204,73.08,10.88,6724,0.629
2000,35,351925,3519253,69.84,10.31,2466,0.568
2000,35,351930,3519303,71.39,9.41,26354,0.616
2000,35,351940,3519402,73.11,10.36,9374,0.65
2000,35,351950,3519501,71.46,10.26,5701,0.662
2000,35,351960,3519600,72.69,9.85,46415,0.666
2000,35,351970,3519709,73.15,8.74,62938,0.577
2000,35,351980,3519808,70.95,10.38,6695,0.646
2000,35,351990,3519907,69.73,11.17,7159,0.644
2000,35,352000,3520004,70.62,9.85,22492,0.611
2000,35,352010,3520103,73.14,10.19,25674,0.666
2000,35,352020,3520202,71.5,9.84,8232,0.603
2000,35,352030,3520301,71.65,10.35,26988,0.632
2000,35,352040,3520400,73.44,9.65,20375,0.658
2000,35,352042,3520426,72.38,9.86,6203,0.694
2000,35,352044,3520442,76.09,11.32,23790,0.752
2000,35,352050,3520509,73.23,10.29,146029,0.704
2000,35,352060,3520608,73.43,11.18,4929,0.678
2000,35,352070,3520707,71.56,10.98,4026,0.662
2000,35,352080,3520806,72.4,10.95,3272,0.664
2000,35,352090,3520905,73.22,9.73,12517,0.623
2000,35,352100,3521002,68.31,9.56,17220,0.607
2000,35,352110,3521101,75.05,9.38,4216,0.669
2000,35,352115,3521150,72.62,10.56,3432,0.652
2000,35,352120,3521200,69.6,10.12,4477,0.581
2000,35,352130,3521309,72.26,10.3,11812,0.639
2000,35,352140,3521408,73.17,10.41,15475,0.687
2000,35,352150,3521507,70.19,10.23,6630,0.616
2000,35,352160,3521606,72.31,10.1,7429,0.645
2000,35,352170,3521705,72.15,10.11,18727,0.571
2000,35,352180,3521804,70.71,9.07,20908,0.581
2000,35,352190,3521903,73.11,10.22,14227,0.643
2000,35,352200,3522000,72.98,11.34,2630,0.643
2000,35,352210,3522109,70.54,10.26,71333,0.652
2000,35,352215,3522158,67.73,10.38,3208,0.533
2000,35,352220,3522208,72.21,9.56,128634,0.64
2000,35,352230,3522307,71.09,9.49,122760,0.662
2000,35,352240,3522406,70.13,9.57,82022,0.619
2000,35,352250,3522505,70.47,9.77,161816,0.61
2000,35,352260,3522604,73.49,10.1,62232,0.687
2000,35,352265,3522653,69.45,8.05,3531,0.504
2000,35,352270,3522703,72.04,10.2,37608,0.655
2000,35,352280,3522802,70.46,10.08,14235,0.593
2000,35,352290,3522901,70.62,9.33,10189,0.616
2000,35,352300,3523008,68.15,11.06,3727,0.606
2000,35,352310,3523107,69.37,9.73,271329,0.592
2000,35,352320,3523206,68.08,9.72,46319,0.588
2000,35,352330,3523305,69.81,9.34,13724,0.596
2000,35,352340,3523404,73.98,10.59,80781,0.705
2000,35,352350,3523503,72.5,8.8,15364,0.595
2000,35,352360,3523602,71.99,10.13,11272,0.665
2000,35,352370,3523701,69.58,10.26,5320,0.586
2000,35,352380,3523800,72.71,9.49,7353,0.607
2000,35,352390,3523909,73.1,10.04,133638,0.697
2000,35,352400,3524006,73.27,9.82,26047,0.662
2000,35,352410,3524105,73.56,9.97,36084,0.701
2000,35,352420,3524204,72.37,10.34,6311,0.619
2000,35,352430,3524303,73.48,10.2,66986,0.699
2000,35,352440,3524402,72.85,10.49,189893,0.7
2000,35,352450,3524501,72.02,10.46,4053,0.633
2000,35,352460,3524600,69,9.35,16845,0.618
2000,35,352470,3524709,75.05,10.48,29456,0.715
2000,35,352480,3524808,74.13,10.61,45998,0.7
2000,35,352490,3524907,76.09,9.53,3968,0.645
2000,35,352500,3525003,72.81,10.12,91536,0.667
2000,35,352510,3525102,71.34,9.8,30550,0.66
2000,35,352520,3525201,71.18,9.76,16833,0.604
2000,35,352530,3525300,73.17,10.22,111202,0.705
2000,35,352540,3525409,69.9,7.88,3253,0.535
2000,35,352550,3525508,70.69,9.07,10318,0.589
2000,35,352560,3525607,72.53,10.25,3842,0.621
2000,35,352570,3525706,73.2,10.51,28576,0.681
2000,35,352580,3525805,69.49,9.99,4163,0.613
2000,35,352585,3525854,71.54,9.72,2181,0.641
2000,35,352590,3525904,74.34,10.7,320461,0.744
2000,35,352600,3526001,71.48,10.92,16157,0.649
2000,35,352610,3526100,71.28,9.78,20329,0.618
2000,35,352620,3526209,70.39,9.02,25760,0.583
2000,35,352630,3526308,68.38,10.8,4887,0.583
2000,35,352640,3526407,71.01,9.5,22050,0.661
2000,35,352650,3526506,69.29,11.62,5115,0.646
2000,35,352660,3526605,71.99,10.3,5954,0.618
2000,35,352670,3526704,70.59,9.55,80199,0.635
2000,35,352680,3526803,74.26,10.26,54777,0.697
2000,35,352690,3526902,72.79,10.23,247655,0.7
2000,35,352700,3527009,74.12,9.64,5662,0.685
2000,35,352710,3527108,73.97,10.92,65231,0.723
2000,35,352720,3527207,73.95,10.6,77499,0.699
2000,35,352725,3527256,72.11,9.48,1983,0.618
2000,35,352730,3527306,74.13,9.78,23744,0.665
2000,35,352740,3527405,71.89,10.97,17453,0.665
2000,35,352750,3527504,70.84,9.97,2154,0.598
2000,35,352760,3527603,73.14,10.45,7152,0.672
2000,35,352770,3527702,69.95,10.2,4248,0.602
2000,35,352780,3527801,70.59,10.05,4218,0.592
2000,35,352790,3527900,71.11,11.9,2874,0.657
2000,35,352800,3528007,72.34,9.75,15713,0.641
2000,35,352810,3528106,72.43,11.25,7348,0.666
2000,35,352820,3528205,71.74,9.83,3755,0.619
2000,35,352830,3528304,72.07,11.42,3473,0.673
2000,35,352840,3528403,71.46,9.89,39934,0.658
2000,35,352850,3528502,73.05,9.99,59390,0.682
2000,35,352860,3528601,70.71,10.36,8207,0.63
2000,35,352870,3528700,68.78,10.57,3615,0.584
2000,35,352880,3528809,72.02,10.71,12984,0.679
2000,35,352885,3528858,71.76,9.28,2238,0.613
2000,35,352890,3528908,71.16,11.29,3854,0.634
2000,35,352900,3529005,73.09,10.47,194952,0.725
2000,35,352910,3529104,68.79,9.26,2195,0.597
2000,35,352920,3529203,71.26,10.61,21394,0.645
2000,35,352930,3529302,72.9,10.25,71474,0.687
2000,35,352940,3529401,71.52,10.28,362634,0.664
2000,35,352950,3529500,72.03,10.76,3759,0.666
2000,35,352960,3529609,71.7,10.83,3990,0.621
2000,35,352965,3529658,71.3,11.39,1930,0.627
2000,35,352970,3529708,72.75,10.43,18906,0.649
2000,35,352980,3529807,73.03,10.06,11332,0.642
2000,35,352990,3529906,67.41,9.1,22156,0.563
2000,35,353000,3530003,70.84,10.87,2571,0.626
2000,35,353010,3530102,71.24,11.33,23907,0.679
2000,35,353020,3530201,72.99,10.86,15757,0.63
2000,35,353030,3530300,74.55,10.59,48140,0.709
2000,35,353040,3530409,73.07,10.62,3723,0.634
2000,35,353050,3530508,73.28,10.09,64755,0.678
2000,35,353060,3530607,72.78,10.37,328374,0.701
2000,35,353070,3530706,73.85,10.33,123467,0.701
2000,35,353080,3530805,73.57,10.4,80583,0.718
2000,35,353090,3530904,72.26,8.81,3107,0.606
2000,35,353100,3531001,69.83,11.85,2055,0.647
2000,35,353110,3531100,70.17,9.27,33908,0.64
2000,35,353120,3531209,75.18,10.3,6267,0.675
2000,35,353130,3531308,74.28,10.61,43408,0.703
2000,35,353140,3531407,73.36,11.26,18343,0.704
2000,35,353150,3531506,73.73,10.21,19426,0.662
2000,35,353160,3531605,71.52,11.05,4089,0.639
2000,35,353170,3531704,73.16,9.24,3591,0.613
2000,35,353180,3531803,72.08,9.35,37011,0.62
2000,35,353190,3531902,70.33,9.85,25327,0.619
2000,35,353200,3532009,71.53,9.71,9829,0.646
2000,35,353205,3532058,71.44,10.32,3836,0.655
2000,35,353210,3532108,72.48,11.87,3954,0.668
2000,35,353215,3532157,69.39,9.25,2266,0.629
2000,35,353220,3532207,72.07,11.01,3734,0.587
2000,35,353230,3532306,71.74,8.96,6912,0.497
2000,35,353240,3532405,69.56,8.83,14162,0.527
2000,35,353250,3532504,72.94,10.84,8874,0.693
2000,35,353260,3532603,73.4,11.41,10071,0.701
2000,35,353270,3532702,72.07,10.05,3265,0.607
2000,35,353280,3532801,73.12,10.75,4745,0.666
2000,35,353282,3532827,67.35,8.94,7266,0.525
2000,35,353284,3532843,72.09,11.35,2478,0.612
2000,35,353286,3532868,71.73,12.59,1042,0.633
2000,35,353290,3532900,73.82,11.02,7300,0.678
2000,35,353300,3533007,72.73,10.43,16917,0.654
2000,35,353310,3533106,75.05,10.97,2077,0.639
2000,35,353320,3533205,73.57,12.12,2053,0.644
2000,35,353325,3533254,73.02,11.07,3225,0.593
2000,35,353330,3533304,70.14,10.61,2749,0.663
2000,35,353340,3533403,74.56,10.3,41836,0.705
2000,35,353350,3533502,74.64,10.3,32263,0.679
2000,35,353360,3533601,72.04,10.43,6273,0.643
2000,35,353370,3533700,71.31,10.31,4164,0.628
2000,35,353380,3533809,71.53,10.18,2994,0.631
2000,35,353390,3533908,73.07,10.57,45763,0.686
2000,35,353400,3534005,72.05,9.2,3413,0.615
2000,35,353410,3534104,71.66,10.72,5749,0.667
2000,35,353420,3534203,71.38,10.49,4120,0.669
2000,35,353430,3534302,74.37,10.44,35846,0.701
2000,35,353440,3534401,73.37,10.25,650160,0.706
2000,35,353450,3534500,70.88,10.02,2552,0.684
2000,35,353460,3534609,72.32,11.28,29452,0.705
2000,35,353470,3534708,73.9,10.41,93414,0.696
2000,35,353475,3534757,72.16,11.19,6259,0.668
2000,35,353480,3534807,69.75,10.51,7136,0.578
2000,35,353490,3534906,71.91,11.35,11631,0.66
2000,35,353500,3535002,70.95,10.7,9071,0.635
2000,35,353510,3535101,69.75,9.84,8418,0.574
2000,35,353520,3535200,72.2,10.98,10252,0.653
2000,35,353530,3535309,71.3,10.57,20549,0.671
2000,35,353540,3535408,72.19,9.95,13569,0.635
2000,35,353550,3535507,70.22,10.22,39465,0.663
2000,35,353560,3535606,71.89,10.02,16815,0.623
2000,35,353570,3535705,74.91,10.38,5416,0.631
2000,35,353580,3535804,71.37,9.24,15388,0.613
2000,35,353590,3535903,71.67,10.06,3626,0.644
2000,35,353600,3536000,73.11,10.43,11037,0.625
2000,35,353610,3536109,72.87,9.7,4688,0.627
2000,35,353620,3536208,72.55,10.22,17532,0.623
2000,35,353625,3536257,70.84,11.54,1948,0.646
2000,35,353630,3536307,73.14,10.05,11370,0.658
2000,35,353640,3536406,70.32,10.34,5269,0.603
2000,35,353650,3536505,73.26,9.92,50973,0.722
2000,35,353657,3536570,71.52,10.18,1871,0.63
2000,35,353660,3536604,69.95,10.85,8395,0.643
2000,35,353670,3536703,72.58,10.22,36193,0.663
2000,35,353680,3536802,70.31,9.49,5585,0.548
2000,35,353690,3536901,72.22,10.86,2723,0.611
2000,35,353700,3537008,72.42,9.8,14827,0.626
2000,35,353710,3537107,75.15,9.9,34926,0.667
2000,35,353715,3537156,74.91,11.35,2845,0.73
2000,35,353720,3537206,67.95,8.92,9096,0.595
2000,35,353730,3537305,73.37,10.31,54419,0.686
2000,35,353740,3537404,71.24,9.92,24896,0.664
2000,35,353750,3537503,73.82,10.14,6219,0.648
2000,35,353760,3537602,70.54,9.86,50755,0.655
2000,35,353770,3537701,69.47,10.95,4580,0.644
2000,35,353780,3537800,71.3,9.07,48434,0.617
2000,35,353790,3537909,69.39,9.96,23451,0.623
2000,35,353800,3538006,73.52,10.55,125149,0.694
2000,35,353810,3538105,73.12,10.36,12977,0.645
2000,35,353820,3538204,71.2,10.41,10934,0.613
2000,35,353830,3538303,70.5,10.06,3463,0.619
2000,35,353850,3538501,72.85,10.62,15128,0.69
2000,35,353860,3538600,71.94,9.13,22819,0.62
2000,35,353870,3538709,73.6,10.41,327110,0.71
2000,35,353880,3538808,70.7,10.37,27721,0.667
2000,35,353890,3538907,75.28,9.99,18206,0.669
2000,35,353900,3539004,74.22,10.56,9933,0.674
2000,35,353910,3539103,70.46,9.99,12280,0.621
2000,35,353920,3539202,71.68,10.5,21989,0.668
2000,35,353930,3539301,74.01,10.16,64587,0.715
2000,35,353940,3539400,73.34,10.08,10353,0.683
2000,35,353950,3539509,70.87,10.05,30898,0.627
2000,35,353960,3539608,70.7,10.14,3644,0.605
2000,35,353970,3539707,69.76,9.74,2851,0.564
2000,35,353980,3539806,72.11,10.8,95381,0.699
2000,35,353990,3539905,73.99,10.94,4767,0.7
2000,35,354000,3540002,74.96,11.03,18112,0.719
2000,35,354010,3540101,72.52,11.05,3683,0.669
2000,35,354020,3540200,70.44,9.48,29603,0.595
2000,35,354025,3540259,71.93,10.54,3524,0.602
2000,35,354030,3540309,69.58,11.1,2538,0.621
2000,35,354040,3540408,70.51,10.27,4429,0.601
2000,35,354050,3540507,73.73,9.14,6619,0.619
2000,35,354060,3540606,71.63,9.62,45160,0.646
2000,35,354070,3540705,71.35,10.21,47271,0.688
2000,35,354075,3540754,68.42,10.35,13511,0.6
2000,35,354080,3540804,73.64,10.51,13613,0.674
2000,35,354085,3540853,71.56,10.02,1427,0.57
2000,35,354090,3540903,69.78,10.19,12251,0.644
2000,35,354100,3541000,73.05,9.9,191922,0.686
2000,35,354105,3541059,70.23,9.9,3944,0.621
2000,35,354110,3541109,69.78,10.76,4205,0.642
2000,35,354120,3541208,71.54,10.78,13656,0.671
2000,35,354130,3541307,70.65,10.26,38850,0.665
2000,35,354140,3541406,73.38,11.2,187231,0.746
2000,35,354150,3541505,73.54,10.67,35551,0.701
2000,35,354160,3541604,71.5,10.55,30706,0.653
2000,35,354165,3541653,73.1,8.3,2620,0.567
2000,35,354170,3541703,71.42,10.77,11473,0.653
2000,35,354180,3541802,69.25,9.66,2171,0.572
2000,35,354190,3541901,70.79,9.68,8974,0.615
2000,35,354200,3542008,71.14,10.48,5443,0.634
2000,35,354210,3542107,71.4,10.32,8347,0.648
2000,35,354220,3542206,71.9,11.27,28586,0.68
2000,35,354230,3542305,71.73,8.75,4021,0.552
2000,35,354240,3542404,72.84,10.53,16945,0.691
2000,35,354250,3542503,70.77,10.14,4681,0.64
2000,35,354260,3542602,72.16,10.01,53323,0.65
2000,35,354270,3542701,71.9,9.54,5553,0.62
2000,35,354280,3542800,67.66,9.1,3468,0.574
2000,35,354290,3542909,71.66,10.03,11160,0.645
2000,35,354300,3543006,66.95,8.04,21096,0.462
2000,35,354310,3543105,69.74,9.78,3875,0.572
2000,35,354320,3543204,71.34,10.15,4467,0.603
2000,35,354323,3543238,70.5,11.52,2222,0.612
2000,35,354325,3543253,69.6,8.84,7262,0.56
2000,35,354330,3543303,73.8,10.71,103877,0.718
2000,35,354340,3543402,72.46,10.45,499762,0.733
2000,35,354350,3543501,70.22,9.84,7159,0.555
2000,35,354360,3543600,72.42,9.76,3289,0.624
2000,35,354370,3543709,70.14,10.86,10224,0.634
2000,35,354380,3543808,71.35,10.72,10062,0.655
2000,35,354390,3543907,73.76,10.33,167152,0.734
2000,35,354400,3544004,72.14,10.17,23282,0.664
2000,35,354410,3544103,71.11,10.11,36836,0.625
2000,35,354420,3544202,69.17,10.39,7684,0.602
2000,35,354425,3544251,72.66,10.85,23407,0.688
2000,35,354430,3544301,70.79,10.72,8510,0.642
2000,35,354440,3544400,72.18,11.23,2337,0.637
2000,35,354450,3544509,70.87,11.3,2609,0.677
2000,35,354460,3544608,71.17,9.6,4944,0.623
2000,35,354470,3544707,69.34,11.48,2439,0.601
2000,35,354480,3544806,71.76,9.32,4517,0.647
2000,35,354490,3544905,71.64,10.22,9303,0.659
2000,35,354500,3545001,70.44,9.69,14224,0.621
2000,35,354510,3545100,72.3,10.64,4383,0.607
2000,35,354515,3545159,76.09,11.39,5794,0.751
2000,35,354520,3545209,73.78,10.22,92571,0.693
2000,35,354530,3545308,72.47,9.74,34014,0.63
2000,35,354540,3545407,69.53,10.36,8386,0.623
2000,35,354550,3545506,72.01,10.91,3000,0.646
2000,35,354560,3545605,73.78,10.98,13303,0.643
2000,35,354570,3545704,71.93,10.53,5405,0.657
2000,35,354580,3545803,73.95,10.54,168871,0.688
2000,35,354600,3546009,71.26,10.53,12923,0.657
2000,35,354610,3546108,70.39,10.9,2123,0.608
2000,35,354620,3546207,75.62,10.14,3513,0.691
2000,35,354625,3546256,72.26,10.96,1790,0.674
2000,35,354630,3546306,71.46,9.6,25445,0.632
2000,35,354640,3546405,73.04,10.09,40590,0.672
2000,35,354650,3546504,69.4,10.34,5393,0.644
2000,35,354660,3546603,73.53,10.23,26306,0.706
2000,35,354670,3546702,71.67,10.05,15861,0.644
2000,35,354680,3546801,71.82,9.66,43156,0.628
2000,35,354690,3546900,73.06,10.99,7849,0.669
2000,35,354700,3547007,71.53,9.57,4653,0.59
2000,35,354710,3547106,70.32,10.36,2791,0.631
2000,35,354720,3547205,74.91,11.55,1894,0.683
2000,35,354730,3547304,73.29,9.66,71629,0.713
2000,35,354740,3547403,70.25,9.75,2695,0.632
2000,35,354750,3547502,73.52,9.77,25443,0.721
2000,35,354760,3547601,73.35,9.82,21304,0.655
2000,35,354765,3547650,75.82,11.54,1379,0.673
2000,35,354770,3547700,73.16,10.85,20686,0.684
2000,35,354780,3547809,72.46,10.74,640396,0.738
2000,35,354790,3547908,70.49,9.62,5728,0.607
2000,35,354800,3548005,73.05,9.63,17909,0.619
2000,35,354805,3548054,71.24,11.22,6886,0.659
2000,35,354810,3548104,71.54,7.8,6138,0.615
2000,35,354820,3548203,71.94,9.27,6260,0.616
2000,35,354830,3548302,72.27,11.21,2526,0.666
2000,35,354840,3548401,72.15,10.77,3815,0.642
2000,35,354850,3548500,73.58,11.2,412652,0.785
2000,35,354860,3548609,70.69,9.31,10238,0.601
2000,35,354870,3548708,72.93,10.44,698628,0.74
2000,35,354880,3548807,77.18,11.47,138450,0.82
2000,35,354890,3548906,73.06,10.54,191472,0.736
2000,35,354900,3549003,70.4,10.75,2863,0.631
2000,35,354910,3549102,74.97,10.25,76794,0.722
2000,35,354920,3549201,70.31,9.05,2655,0.642
2000,35,354925,3549250,70.62,11.53,1662,0.677
2000,35,354930,3549300,70.32,10.61,2157,0.641
2000,35,354940,3549409,73.15,10.53,41360,0.686
2000,35,354950,3549508,70.05,9.62,8032,0.581
2000,35,354960,3549607,71.83,9.02,4083,0.614
2000,35,354970,3549706,74.24,10.05,49947,0.701
2000,35,354980,3549805,73.78,10.71,355149,0.745
2000,35,354990,3549904,73.39,10.78,533866,0.739
2000,35,354995,3549953,69.44,9.41,11473,0.6
2000,35,355000,3550001,69.7,9.46,10367,0.575
2000,35,355010,3550100,71.35,9.87,36131,0.645
2000,35,355020,3550209,69.77,9.4,31022,0.587
2000,35,355030,3550308,72.75,10.3,10277518,0.733
2000,35,355040,3550407,73.7,9.55,27739,0.677
2000,35,355050,3550506,71.32,10.33,6848,0.599
2000,35,355060,3550605,74.25,9.61,66051,0.69
2000,35,355070,3550704,72.76,9.89,57163,0.663
2000,35,355080,3550803,71.65,9.43,12432,0.606
2000,35,355090,3550902,73.98,10.47,13220,0.689
2000,35,355100,3551009,72.81,10.36,300538,0.689
2000,35,355110,3551108,70.33,9.56,7734,0.598
2000,35,355120,3551207,70.47,8.72,3634,0.534
2000,35,355130,3551306,73.12,11.85,2546,0.671
2000,35,355140,3551405,69.22,9.96,7396,0.596
2000,35,355150,3551504,69.86,9.59,32517,0.612
2000,35,355160,3551603,73.89,10.14,23578,0.704
2000,35,355170,3551702,73.96,10.22,94143,0.692
2000,35,355180,3551801,69,9.32,13316,0.546
2000,35,355190,3551900,72.21,10.32,13490,0.638
2000,35,355200,3552007,72.48,9.04,5348,0.574
2000,35,355210,3552106,72.05,9.4,32214,0.63
2000,35,355220,3552205,73.38,10.28,488395,0.721
2000,35,355230,3552304,69.92,10.92,7365,0.649
2000,35,355240,3552403,73.09,9.78,196116,0.658
2000,35,355250,3552502,70.44,10.25,227737,0.662
2000,35,355255,3552551,69.29,10.26,2741,0.591
2000,35,355260,3552601,72.42,11.08,10396,0.658
2000,35,355270,3552700,71.59,9.99,12951,0.606
2000,35,355280,3552809,73.59,9.87,195245,0.689
2000,35,355290,3552908,72.01,11.13,5221,0.621
2000,35,355300,3553005,72.72,9.29,7453,0.611
2000,35,355310,3553104,70.09,9.65,5612,0.62
2000,35,355320,3553203,74,11.95,5501,0.697
2000,35,355330,3553302,70.76,9.7,22045,0.621
2000,35,355340,3553401,71.38,10.68,22503,0.668
2000,35,355350,3553500,70.91,8.89,8523,0.579
2000,35,355360,3553609,72.75,10.17,12828,0.643
2000,35,355365,3553658,71.05,10.69,2722,0.627
2000,35,355370,3553708,72.08,10.18,50921,0.664
2000,35,355380,3553807,69.51,9.2,21871,0.591
2000,35,355385,3553856,69.69,8.39,4466,0.498
2000,35,355390,3553906,72.01,10.74,5764,0.611
2000,35,355395,3553955,72.56,10.54,10699,0.654
2000,35,355400,3554003,73.58,9.51,91895,0.672
2000,35,355410,3554102,73.79,10.53,242047,0.734
2000,35,355420,3554201,69.59,8.51,5284,0.54
2000,35,355430,3554300,70.65,9.86,19511,0.625
2000,35,355440,3554409,72.15,10.43,7681,0.609
2000,35,355450,3554508,73.96,10.11,31471,0.698
2000,35,355460,3554607,68.8,10.47,2706,0.593
2000,35,355465,3554656,72.17,9.84,2015,0.575
2000,35,355470,3554706,73.11,10.53,8798,0.667
2000,35,355475,3554755,67.46,9.88,1380,0.571
2000,35,355480,3554805,74.18,10.22,32485,0.705
2000,35,355490,3554904,71.83,11.13,5130,0.646
2000,35,355495,3554953,73.82,8.7,5083,0.604
2000,35,355500,3555000,74.05,10.57,62299,0.691
2000,35,355510,3555109,74,10.99,13212,0.713
2000,35,355520,3555208,72.04,11.68,1894,0.67
2000,35,355530,3555307,71.95,10.45,2358,0.653
2000,35,355535,3555356,72.59,10.05,4157,0.596
2000,35,355540,3555406,69.88,9.56,65775,0.633
2000,35,355550,3555505,69.33,10.41,4129,0.586
2000,35,355560,3555604,71.1,10.08,9001,0.652
2000,35,355570,3555703,72.88,10.6,1354,0.597
2000,35,355580,3555802,70.24,11.15,8799,0.655
2000,35,355590,3555901,69.52,9.77,1396,0.645
2000,35,355600,3556008,72.62,11.22,11765,0.686
2000,35,355610,3556107,72.6,9.43,8527,0.651
2000,35,355620,3556206,73.65,10.43,82681,0.741
2000,35,355630,3556305,70.19,10.32,17680,0.669
2000,35,355635,3556354,73.65,10.27,6964,0.596
2000,35,355640,3556404,71.63,9.44,36124,0.635
2000,35,355645,3556453,73.3,10.18,32468,0.659
2000,35,355650,3556503,73,10.04,92400,0.646
2000,35,355660,3556602,70.22,10.25,11016,0.665
2000,35,355670,3556701,74.67,10.33,46737,0.749
2000,35,355680,3556800,72.24,10.28,15904,0.646
2000,35,355690,3556909,72.19,10.86,4749,0.668
2000,35,355695,3556958,69.26,11.61,1645,0.571
2000,35,355700,3557006,72.61,10.38,95439,0.688
2000,35,355710,3557105,73.92,10.72,75324,0.723
2000,35,355715,3557154,73.18,9.61,1947,0.64
2000,35,355720,3557204,71.66,9.96,12131,0.642
2000,35,355730,3557303,72.18,9.96,8856,0.638
2010,35,350010,3500105,76.13,10.39,33490,0.79
2010,35,350020,3500204,75.62,10.13,3557,0.73
2010,35,350030,3500303,76.49,8.57,32089,0.715
2010,35,350040,3500402,78.13,9.4,7510,0.781
2010,35,350050,3500501,75.76,9.92,17120,0.745
2010,35,350055,3500550,75.41,9.17,5583,0.757
2010,35,350060,3500600,78.37,10.83,2680,0.854
2010,35,350070,3500709,75.67,10.03,34140,0.745
2010,35,350075,3500758,73.27,10.52,4863,0.712
2010,35,350080,3500808,75.41,11.04,3885,0.741
2010,35,350090,3500907,73,7.62,3795,0.687
2010,35,350100,3501004,75.57,10.6,15527,0.73
2010,35,350110,3501103,74,10.8,4102,0.7
2010,35,350115,3501152,75.47,10.54,16753,0.766
2010,35,350120,3501202,73.35,10.13,3897,0.728
2010,35,350130,3501301,75.03,10.58,23494,0.758
2010,35,350140,3501400,73.31,11.27,3294,0.688
2010,35,350150,3501509,72.48,11.33,2993,0.722
2010,35,350160,3501608,77.55,10.6,209811,0.811
2010,35,350170,3501707,76.12,11.2,34381,0.751
2010,35,350180,3501806,74.04,11.61,5697,0.745
2010,35,350190,3501905,77.27,9.68,65521,0.785
2010,35,350200,3502002,76.66,11.46,4254,0.754
2010,35,350210,3502101,78.07,10.38,54242,0.779
2010,35,350220,3502200,74.6,9.55,22134,0.719
2010,35,350230,3502309,76.78,10.19,5554,0.721
2010,35,350240,3502408,75.67,10.35,3710,0.741
2010,35,350250,3502507,74.67,10.5,34630,0.755
2010,35,350260,3502606,73.25,11.48,4423,0.721
2010,35,350270,3502705,75.07,10.82,25062,0.71
2010,35,350275,3502754,73.86,9.99,16922,0.704
2010,35,350280,3502804,75.46,11.08,180537,0.788
2010,35,350290,3502903,76.61,11.47,27189,0.776
2010,35,350300,3503000,76.34,8.56,5152,0.74
2010,35,350310,3503109,73.36,8.64,6074,0.685
2010,35,350315,3503158,73.72,9.83,2492,0.68
2010,35,350320,3503208,77.64,10.85,206646,0.815
2010,35,350330,3503307,76.55,10.15,117824,0.781
2010,35,350335,3503356,73.52,10.37,1917,0.722
2010,35,350340,3503406,75.37,11.61,7817,0.744
2010,35,350350,3503505,73.18,11.1,3636,0.697
2010,35,350360,3503604,74.37,10.94,10547,0.695
2010,35,350370,3503703,73.75,11.75,8532,0.733
2010,35,350380,3503802,74.63,9.93,44074,0.749
2010,35,350390,3503901,76.95,10.75,74649,0.784
2010,35,350395,3503950,76.83,12.18,1806,0.735
2010,35,350400,3504008,76.91,10.41,93038,0.805
2010,35,350410,3504107,76.03,9.68,125501,0.765
2010,35,350420,3504206,75.41,10.26,14153,0.773
2010,35,350430,3504305,74.77,10.71,4915,0.714
2010,35,350440,3504404,74,10.13,10128,0.705
2010,35,350450,3504503,76.97,10.1,80833,0.767
2010,35,350460,3504602,73.31,11.1,14593,0.746
2010,35,350470,3504701,73.55,11.4,1365,0.669
2010,35,350480,3504800,75.08,11.08,8145,0.756
2010,35,350490,3504909,77.29,10.86,10154,0.733
2010,35,350500,3505005,74.22,10.57,3085,0.711
2010,35,350510,3505104,75.57,10.29,6414,0.699
2010,35,350520,3505203,77.04,9.93,31448,0.75
2010,35,350530,3505302,77.12,10.77,35157,0.788
2010,35,350535,3505351,71.72,11.07,5241,0.66
2010,35,350540,3505401,72.53,10.46,7667,0.641
2010,35,350550,3505500,77.5,10.42,111603,0.789
2010,35,350560,3505609,74.74,11.19,28487,0.725
2010,35,350570,3505708,76.96,9.83,240055,0.786
2010,35,350580,3505807,75.86,10.92,20415,0.751
2010,35,350590,3505906,75.41,10.42,56264,0.761
2010,35,350600,3506003,76.26,10.58,339422,0.801
2010,35,350610,3506102,76.16,11.18,74728,0.78
2010,35,350620,3506201,74.17,9.68,2674,0.744
2010,35,350630,3506300,75.26,10.69,10650,0.734
2010,35,350635,3506359,74.03,10.08,47239,0.73
2010,35,350640,3506409,75.7,10.4,7019,0.768
2010,35,350650,3506508,77.14,10.62,108248,0.78
2010,35,350660,3506607,72.7,10.16,28531,0.712
2010,35,350670,3506706,73.63,9.45,13617,0.681
2010,35,350680,3506805,75.41,10.44,10717,0.742
2010,35,350690,3506904,74.23,9.6,9618,0.705
2010,35,350700,3507001,76.67,11.02,48145,0.78
2010,35,350710,3507100,73.1,9.09,19689,0.713
2010,35,350715,3507159,71.49,10.48,3549,0.66
2010,35,350720,3507209,76.77,11.92,805,0.746
2010,35,350730,3507308,76.93,10.61,4265,0.754
2010,35,350740,3507407,74.83,10.38,14416,0.73
2010,35,350745,3507456,75.73,9.73,2275,0.705
2010,35,350750,3507506,77.13,10.45,126813,0.8
2010,35,350760,3507605,76.67,10.18,145407,0.776
2010,35,350770,3507704,74.77,11.35,4997,0.737
2010,35,350775,3507753,74.54,9.08,2551,0.71
2010,35,350780,3507803,76.81,9.96,21023,0.755
2010,35,350790,3507902,73.9,9.19,21515,0.74
2010,35,350800,3508009,72.94,10.52,18489,0.667
2010,35,350810,3508108,75.31,10.59,15350,0.763
2010,35,350820,3508207,74.79,10.03,4049,0.735
2010,35,350830,3508306,73.68,11.25,4356,0.694
2010,35,350840,3508405,74.67,9.62,41489,0.738
2010,35,350850,3508504,76.5,10.94,84377,0.788
2010,35,350860,3508603,75.19,10.33,29922,0.764
2010,35,350870,3508702,76.45,9.92,18434,0.72
2010,35,350880,3508801,77.01,9.83,16509,0.742
2010,35,350890,3508900,74.37,11.78,4055,0.729
2010,35,350900,3509007,76.68,11.08,86294,0.781
2010,35,350910,3509106,73.13,11.4,4871,0.697
2010,35,350920,3509205,73.59,10.45,64040,0.728
2010,35,350925,3509254,74.89,10.39,28207,0.694
2010,35,350930,3509304,74.32,11.75,9760,0.734
2010,35,350940,3509403,74.52,9.92,23277,0.713
2010,35,350945,3509452,75.77,10.87,5530,0.717
2010,35,350950,3509502,76.59,10.1,1071983,0.805
2010,35,350960,3509601,75.4,10.4,73614,0.769
2010,35,350970,3509700,76.1,10.35,47287,0.749
2010,35,350980,3509809,74.41,10.47,4537,0.706
2010,35,350990,3509908,76.07,10.77,12144,0.72
2010,35,350995,3509957,72.83,10.27,4384,0.704
2010,35,351000,3510005,75.71,10.75,29731,0.747
2010,35,351010,3510104,76.79,11.99,2668,0.789
2010,35,351015,3510153,72.46,11.72,4362,0.68
2010,35,351020,3510203,74.55,11.72,46014,0.721
2010,35,351030,3510302,74.36,9.74,17220,0.699
2010,35,351040,3510401,75.89,9.08,47858,0.75
2010,35,351050,3510500,75.68,11.01,99908,0.759
2010,35,351060,3510609,75.52,10.22,368909,0.749
2010,35,351070,3510708,76.18,10.38,11762,0.722
2010,35,351080,3510807,75.08,9.25,25971,0.73
2010,35,351090,3510906,76.81,9.75,2624,0.734
2010,35,351100,3511003,74.63,11.28,17531,0.731
2010,35,351110,3511102,76.2,10.71,112210,0.785
2010,35,351120,3511201,76.12,10.72,7080,0.751
2010,35,351130,3511300,77.3,10.47,7933,0.766
2010,35,351140,3511409,74.23,11.21,17288,0.729
2010,35,351150,3511508,76.21,10.64,39409,0.782
2010,35,351160,3511607,73.23,9.99,14493,0.706
2010,35,351170,3511706,74.18,9.19,15029,0.736
2010,35,351190,3511904,74.25,10.46,7035,0.725
2010,35,351200,3512001,75.71,10.29,17279,0.757
2010,35,351210,3512100,73.13,10.29,5982,0.71
2010,35,351220,3512209,74.64,10.87,25103,0.708
2010,35,351230,3512308,75.19,9.62,16191,0.736
2010,35,351240,3512407,76.45,9.26,20946,0.758
2010,35,351250,3512506,73.96,9.65,5224,0.719
2010,35,351260,3512605,73.64,11.49,4991,0.69
2010,35,351270,3512704,75.43,10.37,3869,0.754
2010,35,351280,3512803,77.57,10.4,58542,0.769
2010,35,351290,3512902,75.96,10.92,7188,0.722
2010,35,351300,3513009,76.05,10.48,199437,0.78
2010,35,351310,3513108,76.44,10.21,31565,0.756
2010,35,351320,3513207,73.11,10.44,7565,0.734
2010,35,351330,3513306,76.18,11.28,2272,0.774
2010,35,351340,3513405,77.28,10.7,76867,0.788
2010,35,351350,3513504,74.23,10.1,118004,0.737
2010,35,351360,3513603,74.54,10.3,21721,0.684
2010,35,351370,3513702,76.92,10.53,30629,0.76
2010,35,351380,3513801,75.65,9.59,385473,0.757
2010,35,351385,3513850,75.54,11.28,1689,0.741
2010,35,351390,3513900,75.97,9.59,11026,0.734
2010,35,351400,3514007,74.1,11.18,7939,0.718
2010,35,351410,3514106,76.17,10.45,24650,0.725
2010,35,351420,3514205,74.5,12.24,2094,0.742
2010,35,351430,3514304,73.66,10.97,8575,0.738
2010,35,351440,3514403,75.51,10.16,41992,0.776
2010,35,351450,3514502,75.24,11.26,12211,0.748
2010,35,351460,3514601,75.91,10.79,8143,0.744
2010,35,351470,3514700,75.01,10.59,6298,0.745
2010,35,351480,3514809,75.82,9.81,14608,0.691
2010,35,351490,3514908,74.32,9.54,15563,0.695
2010,35,351492,3514924,74.51,11.93,3120,0.747
2010,35,351495,3514957,75.42,10.75,2423,0.73
2010,35,351500,3515004,75.33,9.98,239841,0.735
2010,35,351510,3515103,75.01,10.22,62320,0.749
2010,35,351512,3515129,73.28,11.12,3001,0.727
2010,35,351515,3515152,73.87,9.68,15658,0.732
2010,35,351518,3515186,77.31,10.03,41568,0.787
2010,35,351519,3515194,74.12,9.18,4233,0.696
2010,35,351520,3515202,77.4,9.75,8183,0.76
2010,35,351530,3515301,74.1,11.93,2619,0.74
2010,35,351535,3515350,73.13,10.49,9456,0.704
2010,35,351540,3515400,77.02,9.53,15194,0.732
2010,35,351550,3515509,77.31,11.22,64444,0.797
2010,35,351560,3515608,76.55,10.54,5518,0.758
2010,35,351565,3515657,75.55,11.92,1561,0.703
2010,35,351570,3515707,74.65,10.77,168022,0.738
2010,35,351580,3515806,72.74,12.45,1750,0.727
2010,35,351590,3515905,73.49,9.89,2999,0.747
2010,35,351600,3516002,73.44,10.76,11568,0.715
2010,35,351610,3516101,74.19,7.92,2829,0.713
2010,35,351620,3516200,75.5,11.19,317558,0.78
2010,35,351630,3516309,73.91,10.32,154059,0.703
2010,35,351640,3516408,76.09,10.2,123427,0.731
2010,35,351650,3516507,73.54,10.07,2708,0.763
2010,35,351660,3516606,74.36,11.09,6935,0.709
2010,35,351670,3516705,75.93,11,42771,0.769
2010,35,351680,3516804,74.03,10.31,4185,0.723
2010,35,351685,3516853,73.14,10.91,4419,0.719
2010,35,351690,3516903,73.5,11.26,10616,0.747
2010,35,351700,3517000,73.76,10.66,9585,0.717
2010,35,351710,3517109,76.47,10.97,4545,0.735
2010,35,351720,3517208,76.16,10.73,10619,0.739
2010,35,351730,3517307,74.77,10.49,5414,0.728
2010,35,351740,3517406,74.46,10.21,37339,0.753
2010,35,351750,3517505,76.93,8.67,17809,0.725
2010,35,351760,3517604,73.37,9.55,17832,0.675
2010,35,351770,3517703,74.55,10.74,19801,0.718
2010,35,351780,3517802,73.2,11.09,8371,0.719
2010,35,351790,3517901,75.37,9.67,9946,0.737
2010,35,351800,3518008,73.34,10.92,1966,0.732
2010,35,351810,3518107,74.93,11.74,6387,0.713
2010,35,351820,3518206,75.39,10.72,30494,0.763
2010,35,351830,3518305,74.03,10.67,25691,0.731
2010,35,351840,3518404,78.17,11.02,111540,0.798
2010,35,351850,3518503,73.27,10.29,11720,0.687
2010,35,351860,3518602,73.63,10.37,35344,0.719
2010,35,351870,3518701,76.23,10,290055,0.751
2010,35,351880,3518800,74.83,10.15,1213492,0.763
2010,35,351885,3518859,74.34,10.28,6947,0.743
2010,35,351890,3518909,73.49,9.68,4708,0.697
2010,35,351900,3519006,73.52,11.56,8696,0.727
2010,35,351905,3519055,77.66,10.44,11254,0.793
2010,35,351907,3519071,76.51,10.97,188117,0.756
2010,35,351910,3519105,76.03,9.7,9808,0.745
2010,35,351920,3519204,76.42,11.51,6419,0.733
2010,35,351925,3519253,75.87,11,4512,0.674
2010,35,351930,3519303,73.81,9.72,30672,0.703
2010,35,351940,3519402,75.48,9.17,10864,0.74
2010,35,351950,3519501,74.03,9.61,6702,0.708
2010,35,351960,3519600,75.76,9.61,52956,0.747
2010,35,351970,3519709,74.91,10.2,70850,0.71
2010,35,351980,3519808,73.34,10.32,7448,0.72
2010,35,351990,3519907,73.85,11.12,7580,0.736
2010,35,352000,3520004,75.3,10.5,23255,0.727
2010,35,352010,3520103,75.08,10.31,27724,0.768
2010,35,352020,3520202,76.28,9.75,8772,0.711
2010,35,352030,3520301,75.84,10.09,28708,0.726
2010,35,352040,3520400,75.56,10.63,28026,0.756
2010,35,352042,3520426,74.36,10.15,8894,0.725
2010,35,352044,3520442,77.24,12.13,24998,0.812
2010,35,352050,3520509,75.22,10.68,201009,0.788
2010,35,352060,3520608,75.56,12.55,4819,0.761
2010,35,352070,3520707,75.11,10.77,3848,0.751
2010,35,352080,3520806,75.95,11.34,3585,0.759
2010,35,352090,3520905,74.66,10.13,13634,0.727
2010,35,352100,3521002,73.86,10.37,26427,0.719
2010,35,352110,3521101,75.7,10.83,5961,0.753
2010,35,352115,3521150,75.33,10.24,4460,0.73
2010,35,352120,3521200,73.96,11.78,4274,0.703
2010,35,352130,3521309,75.9,10.82,14111,0.749
2010,35,352140,3521408,76.76,10.18,19969,0.776
2010,35,352150,3521507,75.63,9.96,7224,0.713
2010,35,352160,3521606,75.33,9.53,6402,0.712
2010,35,352170,3521705,73.18,10.07,17739,0.693
2010,35,352180,3521804,74.77,10.52,22559,0.713
2010,35,352190,3521903,74.94,10,14490,0.73
2010,35,352200,3522000,74.39,10.91,3246,0.705
2010,35,352210,3522109,74.36,11.36,86728,0.745
2010,35,352215,3522158,72.2,11.82,3224,0.68
2010,35,352220,3522208,76.09,10.49,148965,0.742
2010,35,352230,3522307,76.86,9.83,140581,0.763
2010,35,352240,3522406,73.18,10.76,87462,0.732
2010,35,352250,3522505,76.28,10.94,200590,0.735
2010,35,352260,3522604,76.1,9.29,67517,0.762
2010,35,352265,3522653,73.96,10.23,3875,0.661
2010,35,352270,3522703,75.14,10.06,39827,0.744
2010,35,352280,3522802,75.11,10.5,14423,0.719
2010,35,352290,3522901,75.47,10.49,12143,0.725
2010,35,352300,3523008,73.75,10.32,4262,0.72
2010,35,352310,3523107,75.66,10.19,321198,0.714
2010,35,352320,3523206,73.18,10.16,47767,0.703
2010,35,352330,3523305,75.21,10.87,15409,0.677
2010,35,352340,3523404,75.64,10.52,101022,0.778
2010,35,352350,3523503,75.44,10.16,17986,0.706
2010,35,352360,3523602,73.77,10.51,12742,0.724
2010,35,352370,3523701,74.55,11.27,5889,0.707
2010,35,352380,3523800,74.19,10.71,7471,0.717
2010,35,352390,3523909,76.23,9.83,153310,0.773
2010,35,352400,3524006,75.63,9.69,44744,0.762
2010,35,352410,3524105,75.47,10.59,38583,0.765
2010,35,352420,3524204,75.71,9.62,6530,0.711
2010,35,352430,3524303,76.08,10.36,70863,0.778
2010,35,352440,3524402,75.2,10.9,210767,0.777
2010,35,352450,3524501,74.05,10.76,5475,0.723
2010,35,352460,3524600,74.89,10.16,17161,0.717
2010,35,352470,3524709,76.74,10.44,44108,0.784
2010,35,352480,3524808,76.32,10.87,46877,0.776
2010,35,352490,3524907,76.61,9.67,5330,0.756
2010,35,352500,3525003,75.46,10.91,108193,0.76
2010,35,352510,3525102,76.15,9.42,37596,0.735
2010,35,352520,3525201,74.53,10.07,23797,0.733
2010,35,352530,3525300,78.13,10.3,130260,0.778
2010,35,352540,3525409,73.86,9.86,3160,0.703
2010,35,352550,3525508,74.43,10.39,11658,0.699
2010,35,352560,3525607,74.1,10.98,4131,0.741
2010,35,352570,3525706,77.14,10.44,32661,0.777
2010,35,352580,3525805,73.76,11.49,4430,0.716
2010,35,352585,3525854,76.75,9.81,2798,0.741
2010,35,352590,3525904,76.94,10.79,368777,0.822
2010,35,352600,3526001,76.61,10.21,17409,0.745
2010,35,352610,3526100,74.36,10.64,19162,0.7
2010,35,352620,3526209,72.48,9.97,28538,0.709
2010,35,352630,3526308,72.82,10.56,4798,0.693
2010,35,352640,3526407,74.73,9.82,25243,0.729
2010,35,352650,3526506,74.17,11.04,5117,0.721
2010,35,352660,3526605,74.38,11.13,6511,0.729
2010,35,352670,3526704,76.05,9.5,91255,0.744
2010,35,352680,3526803,75.19,10.11,61212,0.764
2010,35,352690,3526902,76.11,10.53,275032,0.775
2010,35,352700,3527009,76.85,8.87,6696,0.742
2010,35,352710,3527108,77.13,11.13,70592,0.786
2010,35,352720,3527207,76.35,9.79,82126,0.766
2010,35,352725,3527256,73.96,10.26,2101,0.742
2010,35,352730,3527306,76.65,9.61,37004,0.777
2010,35,352740,3527405,75.48,10.96,18445,0.752
2010,35,352750,3527504,73.55,11.99,2247,0.733
2010,35,352760,3527603,74.34,10.61,11249,0.731
2010,35,352770,3527702,73.88,9.52,5008,0.702
2010,35,352780,3527801,74.81,9.93,4347,0.724
2010,35,352790,3527900,75.75,9.93,2711,0.72
2010,35,352800,3528007,76.52,10.88,16217,0.77
2010,35,352810,3528106,75.64,11.33,7629,0.743
2010,35,352820,3528205,76.09,10.94,3638,0.74
2010,35,352830,3528304,74.38,11.01,3200,0.753
2010,35,352840,3528403,74.85,9.85,43055,0.743
2010,35,352850,3528502,77.86,11.01,80353,0.788
2010,35,352860,3528601,74.05,10.73,8957,0.739
2010,35,352870,3528700,73.54,10.5,3586,0.677
2010,35,352880,3528809,75.97,10.42,13307,0.771
2010,35,352885,3528858,76.14,11.14,2631,0.752
2010,35,352890,3528908,74.78,9.75,3913,0.718
2010,35,352900,3529005,76.26,10.99,213999,0.798
2010,35,352910,3529104,74.5,11.54,2111,0.731
2010,35,352920,3529203,74.93,9.22,22950,0.721
2010,35,352930,3529302,75.84,10.44,76679,0.773
2010,35,352940,3529401,76.13,10.65,415015,0.766
2010,35,352950,3529500,76.78,11.61,4634,0.744
2010,35,352960,3529609,74.04,11.48,3834,0.731
2010,35,352965,3529658,75.84,10.18,1886,0.724
2010,35,352970,3529708,76.78,10.29,20370,0.741
2010,35,352980,3529807,74.39,10.9,11982,0.73
2010,35,352990,3529906,73.18,10.18,20533,0.697
2010,35,353000,3530003,73.34,11.77,2820,0.743
2010,35,353010,3530102,77.12,10.12,24298,0.751
2010,35,353020,3530201,75.45,11.36,16913,0.724
2010,35,353030,3530300,75.76,9.69,53576,0.762
2010,35,353040,3530409,74.76,9.99,4288,0.738
2010,35,353050,3530508,74.63,10.33,65734,0.762
2010,35,353060,3530607,76.07,10.98,386276,0.783
2010,35,353070,3530706,76.1,10.01,136821,0.774
2010,35,353080,3530805,77.74,10.65,85795,0.784
2010,35,353090,3530904,74.18,10.75,3261,0.719
2010,35,353100,3531001,73.81,12.21,2132,0.772
2010,35,353110,3531100,76.24,11.41,44770,0.754
2010,35,353120,3531209,76.5,10.45,7128,0.759
2010,35,353130,3531308,76.56,10.64,46499,0.768
2010,35,353140,3531407,76.64,11.35,21662,0.785
2010,35,353150,3531506,75.56,10.53,18862,0.753
2010,35,353160,3531605,73.81,11.8,4063,0.741
2010,35,353170,3531704,74.53,9.72,4095,0.71
2010,35,353180,3531803,76.78,9.53,48724,0.733
2010,35,353190,3531902,75.15,10.22,29050,0.712
2010,35,353200,3532009,73.1,8.89,11730,0.715
2010,35,353205,3532058,76.51,10.29,4271,0.741
2010,35,353210,3532108,75.84,9.66,4147,0.726
2010,35,353215,3532157,72.41,12.21,2707,0.714
2010,35,353220,3532207,75.33,10.42,4288,0.718
2010,35,353230,3532306,73.86,10.63,6667,0.655
2010,35,353240,3532405,74.08,9.43,16371,0.678
2010,35,353250,3532504,74.38,10.72,8745,0.754
2010,35,353260,3532603,75.08,10.31,10595,0.751
2010,35,353270,3532702,73.81,10.66,4270,0.713
2010,35,353280,3532801,74.56,11.05,5866,0.738
2010,35,353282,3532827,72.94,10.48,8481,0.651
2010,35,353284,3532843,73.33,11.73,2102,0.715
2010,35,353286,3532868,74.38,10.76,1125,0.756
2010,35,353290,3532900,77.11,11.73,9295,0.765
2010,35,353300,3533007,74.05,9.85,19100,0.739
2010,35,353310,3533106,75.52,10.33,2173,0.726
2010,35,353320,3533205,74.63,10.67,2992,0.735
2010,35,353325,3533254,74.32,10.94,4592,0.719
2010,35,353330,3533304,73.49,9.81,3431,0.743
2010,35,353340,3533403,76.68,10.61,50978,0.791
2010,35,353350,3533502,76.92,9.46,36479,0.753
2010,35,353360,3533601,76.94,10.15,6783,0.746
2010,35,353370,3533700,74.81,10.58,4155,0.717
2010,35,353380,3533809,76.46,8.78,2673,0.73
2010,35,353390,3533908,77.02,10.43,49865,0.773
2010,35,353400,3534005,76.78,9.33,3853,0.738
2010,35,353410,3534104,75.22,11.39,6085,0.77
2010,35,353420,3534203,74.42,11.38,5643,0.767
2010,35,353430,3534302,77.89,10.25,39610,0.78
2010,35,353440,3534401,75.42,10.09,665237,0.776
2010,35,353450,3534500,74.36,12.03,2537,0.749
2010,35,353460,3534609,75.22,10.8,29646,0.762
2010,35,353470,3534708,76.53,11.29,102702,0.778
2010,35,353475,3534757,76.93,12.21,8332,0.77
2010,35,353480,3534807,73.81,10.78,7796,0.692
2010,35,353490,3534906,75.6,11.15,10857,0.725
2010,35,353500,3535002,75.88,9.8,11023,0.732
2010,35,353510,3535101,75.21,10.46,10922,0.722
2010,35,353520,3535200,74.76,11.04,9556,0.753
2010,35,353530,3535309,73.83,11.42,21159,0.746
2010,35,353540,3535408,73.81,9.72,14525,0.722
2010,35,353550,3535507,75.18,10.34,40879,0.762
2010,35,353560,3535606,73.91,9.71,17263,0.719
2010,35,353570,3535705,75.19,10.16,5891,0.749
2010,35,353580,3535804,75.31,9.03,17712,0.717
2010,35,353590,3535903,75.52,11.51,3813,0.732
2010,35,353600,3536000,74.78,11.91,10806,0.737
2010,35,353610,3536109,74.23,10.11,5544,0.727
2010,35,353620,3536208,76.7,10.85,18365,0.736
2010,35,353625,3536257,75.5,11.07,2032,0.721
2010,35,353630,3536307,74.55,10.03,12963,0.73
2010,35,353640,3536406,73.64,10.42,6249,0.711
2010,35,353650,3536505,76.83,10.41,82005,0.795
2010,35,353657,3536570,74.04,9.43,1772,0.718
2010,35,353660,3536604,73,10.41,8532,0.725
2010,35,353670,3536703,73.74,9.59,41334,0.739
2010,35,353680,3536802,72.77,9.74,5750,0.677
2010,35,353690,3536901,76.26,10.95,2558,0.742
2010,35,353700,3537008,74.2,10.52,15633,0.715
2010,35,353710,3537107,76.82,10.5,41401,0.769
2010,35,353715,3537156,75.19,10.63,2939,0.774
2010,35,353720,3537206,73.71,10.31,10160,0.696
2010,35,353730,3537305,76.55,10.21,58257,0.759
2010,35,353740,3537404,75.71,10.09,24618,0.766
2010,35,353750,3537503,77.35,10.2,7450,0.736
2010,35,353760,3537602,76.24,10.55,59434,0.749
2010,35,353770,3537701,75.57,9.79,5098,0.732
2010,35,353780,3537800,75.87,10.66,51436,0.716
2010,35,353790,3537909,74.18,9.64,26226,0.69
2010,35,353800,3538006,75.58,10.7,146392,0.773
2010,35,353810,3538105,75.51,9.75,14894,0.737
2010,35,353820,3538204,73.49,10.85,13016,0.725
2010,35,353830,3538303,75.18,11.15,3522,0.711
2010,35,353850,3538501,74.38,11.35,14022,0.757
2010,35,353860,3538600,76.03,9.52,25013,0.739
2010,35,353870,3538709,75.88,10.22,363011,0.785
2010,35,353880,3538808,75.59,10.55,28356,0.758
2010,35,353890,3538907,76.18,11.1,19560,0.749
2010,35,353900,3539004,75.19,11.13,10575,0.756
2010,35,353910,3539103,73.59,10.96,15703,0.727
2010,35,353920,3539202,76.79,11.44,24590,0.776
2010,35,353930,3539301,78.03,9.88,69832,0.801
2010,35,353940,3539400,76.53,11.09,11803,0.779
2010,35,353950,3539509,74.77,9.56,35242,0.723
2010,35,353960,3539608,76.19,9.18,4463,0.719
2010,35,353970,3539707,74.41,9.48,3192,0.719
2010,35,353980,3539806,76.33,11.05,105717,0.771
2010,35,353990,3539905,76.18,11.95,5385,0.766
2010,35,354000,3540002,76.81,11.01,19896,0.786
2010,35,354010,3540101,75.65,10.82,3447,0.755
2010,35,354020,3540200,75.27,9.9,40083,0.725
2010,35,354025,3540259,75.84,10.25,4050,0.702
2010,35,354030,3540309,73.3,9.8,2515,0.732
2010,35,354040,3540408,73.25,11.19,4208,0.714
2010,35,354050,3540507,76.81,10.36,8306,0.703
2010,35,354060,3540606,75.14,10.41,48375,0.758
2010,35,354070,3540705,74.63,9.64,51290,0.751
2010,35,354075,3540754,73.38,10.2,16751,0.697
2010,35,354080,3540804,76.41,9.46,15418,0.747
2010,35,354085,3540853,73.82,11.58,1521,0.696
2010,35,354090,3540903,74.34,9.83,17316,0.733
2010,35,354100,3541000,75.04,9.85,261424,0.754
2010,35,354105,3541059,72.86,10.52,4599,0.701
2010,35,354110,3541109,73.65,10.18,4106,0.735
2010,35,354120,3541208,75.34,11.22,13492,0.757
2010,35,354130,3541307,75.72,10.95,40865,0.75
2010,35,354140,3541406,76.49,11.15,205558,0.806
2010,35,354150,3541505,75.19,10.65,36387,0.763
2010,35,354160,3541604,75.99,10.83,35331,0.743
2010,35,354165,3541653,74.3,10.55,3229,0.678
2010,35,354170,3541703,73.84,11.3,12700,0.738
2010,35,354180,3541802,73.65,11.7,2804,0.715
2010,35,354190,3541901,74.38,10.29,10636,0.722
2010,35,354200,3542008,73.65,11.28,6004,0.732
2010,35,354210,3542107,74.37,11.25,8603,0.745
2010,35,354220,3542206,76.64,10.76,28705,0.751
2010,35,354230,3542305,72.95,10.65,3858,0.657
2010,35,354240,3542404,74.1,11.26,18456,0.768
2010,35,354250,3542503,74.04,10.51,5267,0.728
2010,35,354260,3542602,76.08,10.56,54129,0.754
2010,35,354270,3542701,74.55,9.94,6568,0.705
2010,35,354280,3542800,72.83,9.89,3325,0.698
2010,35,354290,3542909,73.66,11.03,12087,0.712
2010,35,354300,3543006,72.83,9.93,18229,0.639
2010,35,354310,3543105,73.86,10.84,4269,0.711
2010,35,354320,3543204,74.05,10.5,4446,0.747
2010,35,354323,3543238,73.52,10.98,2187,0.721
2010,35,354325,3543253,73.43,10.79,7406,0.705
2010,35,354330,3543303,75.81,10.52,112775,0.784
2010,35,354340,3543402,75.65,10.48,599026,0.8
2010,35,354350,3543501,72.94,10.41,6133,0.664
2010,35,354360,3543600,74.42,10.43,3414,0.74
2010,35,354370,3543709,74.53,10.49,10271,0.734
2010,35,354380,3543808,75.59,11.03,9923,0.723
2010,35,354390,3543907,76.72,10.45,185172,0.803
2010,35,354400,3544004,75.49,9.66,29409,0.759
2010,35,354410,3544103,74.36,11.4,43744,0.749
2010,35,354420,3544202,74.04,9.08,9308,0.703
2010,35,354425,3544251,74.1,11.28,19618,0.764
2010,35,354430,3544301,74.38,10.99,9519,0.737
2010,35,354440,3544400,74.17,9.87,2729,0.721
2010,35,354450,3544509,75.64,9.9,2850,0.759
2010,35,354460,3544608,73.76,10.25,5214,0.728
2010,35,354470,3544707,74.78,11.38,2395,0.73
2010,35,354480,3544806,76.56,10.95,5426,0.751
2010,35,354490,3544905,75.71,11.28,10538,0.772
2010,35,354500,3545001,74.75,11.54,15565,0.732
2010,35,354510,3545100,75.77,11.86,4775,0.719
2010,35,354515,3545159,76.39,10.69,7053,0.791
2010,35,354520,3545209,75.19,10.27,105198,0.78
2010,35,354530,3545308,75.04,10.49,39223,0.729
2010,35,354540,3545407,74.5,10.65,8693,0.704
2010,35,354550,3545506,73.73,11.44,3675,0.709
2010,35,354560,3545605,75.08,10.93,14215,0.76
2010,35,354570,3545704,73.51,11.44,5662,0.728
2010,35,354580,3545803,77.04,10.42,179631,0.781
2010,35,354600,3546009,74.68,10.23,13710,0.735
2010,35,354610,3546108,73.25,11.38,2084,0.733
2010,35,354620,3546207,77.56,9.73,3991,0.79
2010,35,354625,3546256,74.89,7.22,1953,0.743
2010,35,354630,3546306,73.87,10.4,29824,0.728
2010,35,354640,3546405,77,9.84,43593,0.762
2010,35,354650,3546504,73.14,11.63,5551,0.738
2010,35,354660,3546603,75.41,11.23,29081,0.784
2010,35,354670,3546702,75.84,10.24,21561,0.737
2010,35,354680,3546801,75.02,10.64,50137,0.738
2010,35,354690,3546900,74.1,10.04,8248,0.737
2010,35,354700,3547007,74.18,9.1,5388,0.686
2010,35,354710,3547106,75.79,10.38,2831,0.739
2010,35,354720,3547205,75.41,12.53,1641,0.773
2010,35,354730,3547304,75.92,10.01,108248,0.814
2010,35,354740,3547403,75.31,12.02,2543,0.761
2010,35,354750,3547502,78.22,9.95,26068,0.775
2010,35,354760,3547601,77.1,11.49,23724,0.77
2010,35,354765,3547650,76.83,10.38,1447,0.772
2010,35,354770,3547700,76.22,11.31,20413,0.753
2010,35,354780,3547809,76.66,10.69,674948,0.815
2010,35,354790,3547908,74.8,9.6,6223,0.702
2010,35,354800,3548005,75.3,9.77,20591,0.702
2010,35,354805,3548054,75.41,11.31,7621,0.757
2010,35,354810,3548104,75.12,8.88,5938,0.714
2010,35,354820,3548203,73.69,10.92,6456,0.706
2010,35,354830,3548302,74.69,10.64,2799,0.732
2010,35,354840,3548401,74.78,11.8,4276,0.74
2010,35,354850,3548500,76.13,10.84,416553,0.84
2010,35,354860,3548609,73.69,10.46,10389,0.72
2010,35,354870,3548708,76.65,10.22,761343,0.805
2010,35,354880,3548807,78.2,11.04,148195,0.862
2010,35,354890,3548906,76.78,10.66,220666,0.805
2010,35,354900,3549003,73.82,10.95,2790,0.723
2010,35,354910,3549102,77.23,11.04,83244,0.797
2010,35,354920,3549201,73.34,11.86,2566,0.72
2010,35,354925,3549250,74.97,11.89,1780,0.748
2010,35,354930,3549300,76.26,9.68,2098,0.75
2010,35,354940,3549409,75.8,10.66,46359,0.762
2010,35,354950,3549508,75.61,10.39,8376,0.693
2010,35,354960,3549607,73.8,9.28,4060,0.684
2010,35,354970,3549706,77.05,10.21,51528,0.774
2010,35,354980,3549805,75.74,10.06,405342,0.797
2010,35,354990,3549904,76.27,10.92,627707,0.807
2010,35,354995,3549953,74.36,10.5,13844,0.728
2010,35,355000,3550001,74.54,10.14,10333,0.697
2010,35,355010,3550100,73.29,10.73,38157,0.744
2010,35,355020,3550209,72.95,10.51,31274,0.71
2010,35,355030,3550308,76.3,10.11,11172609,0.805
2010,35,355040,3550407,76.78,9.73,31561,0.755
2010,35,355050,3550506,74.58,10.36,7151,0.703
2010,35,355060,3550605,76.79,10.28,78372,0.768
2010,35,355070,3550704,77.51,10.35,73583,0.772
2010,35,355080,3550803,74.19,9.81,12061,0.701
2010,35,355090,3550902,76.11,11.23,14313,0.766
2010,35,355100,3551009,76.39,10,330341,0.768
2010,35,355110,3551108,73.86,10.03,9003,0.707
2010,35,355120,3551207,72.65,10.08,3555,0.688
2010,35,355130,3551306,75.08,11.59,3031,0.773
2010,35,355140,3551405,73.6,9.85,8843,0.686
2010,35,355150,3551504,75.08,10.11,38742,0.729
2010,35,355160,3551603,77.36,11.13,26297,0.767
2010,35,355170,3551702,76.31,10.15,109549,0.761
2010,35,355180,3551801,74.89,8.45,12955,0.673
2010,35,355190,3551900,73.42,9.43,15444,0.715
2010,35,355200,3552007,73.72,8.78,5780,0.678
2010,35,355210,3552106,74.66,9.25,36547,0.729
2010,35,355220,3552205,75.59,10.59,581667,0.798
2010,35,355230,3552304,73.51,10.87,7435,0.747
2010,35,355240,3552403,75.71,10.13,241007,0.762
2010,35,355250,3552502,77.36,10.47,261357,0.765
2010,35,355255,3552551,73.75,10.83,3383,0.699
2010,35,355260,3552601,74.2,10.64,11280,0.735
2010,35,355270,3552700,74.1,10.31,14354,0.704
2010,35,355280,3552809,76.79,9.98,243983,0.769
2010,35,355290,3552908,73.52,11.6,5683,0.723
2010,35,355300,3553005,74.05,9.72,10781,0.709
2010,35,355310,3553104,73.84,11.11,5891,0.71
2010,35,355320,3553203,75.08,11.73,5427,0.76
2010,35,355330,3553302,76.45,9.06,22289,0.731
2010,35,355340,3553401,74.73,9.56,23991,0.748
2010,35,355350,3553500,75.74,11.02,7975,0.681
2010,35,355360,3553609,77.18,10.52,12721,0.751
2010,35,355365,3553658,74.4,11.75,2714,0.759
2010,35,355370,3553708,74.61,10.93,53797,0.748
2010,35,355380,3553807,73.65,9.92,22190,0.701
2010,35,355385,3553856,73.64,10,5129,0.679
2010,35,355390,3553906,74.37,11.81,6607,0.726
2010,35,355395,3553955,76.13,10.99,12878,0.753
2010,35,355400,3554003,75.52,10.59,106912,0.752
2010,35,355410,3554102,77.98,10.15,276215,0.8
2010,35,355420,3554201,72.65,10.38,4774,0.668
2010,35,355430,3554300,76.38,10.82,21319,0.741
2010,35,355440,3554409,75.3,11.21,8475,0.749
2010,35,355450,3554508,78.04,10.46,36638,0.778
2010,35,355460,3554607,74.58,10.9,2621,0.71
2010,35,355465,3554656,74.73,10.59,2233,0.714
2010,35,355470,3554706,76.11,10.56,9285,0.744
2010,35,355475,3554755,73.63,11.63,1542,0.722
2010,35,355480,3554805,77.38,9.72,37302,0.785
2010,35,355490,3554904,74.73,11.98,5397,0.753
2010,35,355495,3554953,77.24,9.91,5912,0.728
2010,35,355500,3555000,76.1,11.08,62563,0.771
2010,35,355510,3555109,75.08,10.33,13029,0.769
2010,35,355520,3555208,74.44,10.3,1928,0.751
2010,35,355530,3555307,74.04,10.43,1966,0.736
2010,35,355535,3555356,75.62,9.59,5286,0.7
2010,35,355540,3555406,75.47,10.73,78469,0.751
2010,35,355550,3555505,74.72,11.86,4418,0.727
2010,35,355560,3555604,74.36,10.27,9445,0.721
2010,35,355570,3555703,76.75,11.47,1599,0.749
2010,35,355580,3555802,73.25,11.37,8809,0.746
2010,35,355590,3555901,74.93,9.49,1250,0.712
2010,35,355600,3556008,74.03,11.24,12674,0.745
2010,35,355610,3556107,73.62,10.72,10987,0.735
2010,35,355620,3556206,76.01,10.35,106411,0.819
2010,35,355630,3556305,74.47,10.45,20302,0.725
2010,35,355635,3556354,75.36,10.15,8789,0.699
2010,35,355640,3556404,76.78,9.82,39159,0.737
2010,35,355645,3556453,78.02,10.21,42786,0.77
2010,35,355650,3556503,76.8,9.64,106832,0.759
2010,35,355660,3556602,74.79,10.94,10664,0.754
2010,35,355670,3556701,77.68,10.03,63120,0.817
2010,35,355680,3556800,74.4,10.19,17263,0.739
2010,35,355690,3556909,75.41,11.18,6810,0.744
2010,35,355695,3556958,73.63,10.82,1737,0.725
2010,35,355700,3557006,75.3,10.42,108590,0.767
2010,35,355710,3557105,76.44,11.17,84511,0.79
2010,35,355715,3557154,74.56,12.12,2335,0.729
2010,35,355720,3557204,74.66,10.75,12055,0.729
2010,35,355730,3557303,73.87,9.09,10001,0.74
